suite,dimension,budget,function,function_class,competitor,reference,n_competitor,n_reference,u_competitor,probability_competitor_lower,median_competitor,median_reference,p_raw,bonferroni_family_size,p_bonferroni,alpha,decision
cec2014,10,100000,1,basic,ARRDE,MSC-CMA,51,51,41.5,0.98404459823144941,4.5474735088646412e-13,9.3432959147321526e-09,3.6641015060128147e-17,30,1.0992304518038445e-15,0.05,lower
cec2014,10,100000,2,basic,ARRDE,MSC-CMA,51,51,332,0.87235678585159548,2.8421709430404007e-14,3.042401885977597e-09,3.1710390978006637e-11,30,9.5131172934019913e-10,0.05,lower
cec2014,10,100000,3,basic,ARRDE,MSC-CMA,51,51,1863,0.2837370242214533,5.6843418860808015e-14,0,6.0464672522648786e-05,30,0.0018139401756794636,0.05,higher
cec2014,10,100000,4,basic,ARRDE,MSC-CMA,51,51,2082,0.19953863898500579,3.1661784305470064e-11,0,1.2834112489929882e-07,30,3.8502337469789645e-06,0.05,higher
cec2014,10,100000,5,basic,ARRDE,MSC-CMA,51,51,724,0.72164552095347945,19.999999295224598,19.999999999848228,0.00011572989954321296,30,0.0034718969862963891,0.05,lower
cec2014,10,100000,6,basic,ARRDE,MSC-CMA,51,51,0,1,1.1368683772161603e-13,3.5627060884156663,7.339752357236632e-19,30,2.2019257071709896e-17,0.05,lower
cec2014,10,100000,7,basic,ARRDE,MSC-CMA,51,51,645,0.75201845444059978,1.1368683772161603e-13,0.0098572846078468501,7.6222391942957281e-06,30,0.00022866717582887183,0.05,lower
cec2014,10,100000,8,basic,ARRDE,MSC-CMA,51,51,136,0.94771241830065356,1.1368683772161603e-13,1.9899181141865938,2.4942610607597171e-15,30,7.4827831822791517e-14,0.05,lower
cec2014,10,100000,9,basic,ARRDE,MSC-CMA,51,51,1949,0.25067281814686659,1.9899181141865938,0.99495905709329691,1.1123501767299927e-05,30,0.00033370505301899783,0.05,higher
cec2014,10,100000,10,basic,ARRDE,MSC-CMA,51,51,23.5,0.9909650134563629,0.37472664623328455,25.772814150715021,1.2740599211681601e-17,30,3.8221797635044802e-16,0.05,lower
cec2014,10,100000,11,basic,ARRDE,MSC-CMA,51,51,2076,0.20184544405997695,121.9782041842077,11.891979620299935,2.1363054691373325e-07,30,6.4089164074119973e-06,0.05,higher
cec2014,10,100000,12,basic,ARRDE,MSC-CMA,51,51,1778,0.3164167627835448,0.07963881369300907,0.033245797464587667,0.0014108533584974037,30,0.042325600754922116,0.05,higher
cec2014,10,100000,13,basic,ARRDE,MSC-CMA,51,51,0,1,0.02698269640518447,0.38125948453671299,3.3036815016661564e-18,30,9.9110445049984696e-17,0.05,lower
cec2014,10,100000,14,basic,ARRDE,MSC-CMA,51,51,65,0.97500961168781242,0.080174579329650442,0.241933362851114,1.3911794652540345e-16,30,4.1735383957621034e-15,0.05,lower
cec2014,10,100000,15,basic,ARRDE,MSC-CMA,51,51,125,0.95194156093810078,0.43251756877020853,0.94618901446119708,3.7226227932360479e-15,30,1.1167868379708144e-13,0.05,lower
cec2014,10,100000,16,basic,ARRDE,MSC-CMA,51,51,0,1,1.103634588355817,3.2060587512919483,3.3036815016661564e-18,30,9.9110445049984696e-17,0.05,lower
cec2014,10,100000,17,hybrid,ARRDE,MSC-CMA,51,51,548,0.78931180315263361,1.4112450263849041,5.9697493047444823,4.8282400010980944e-07,30,1.4484720003294282e-05,0.05,lower
cec2014,10,100000,18,hybrid,ARRDE,MSC-CMA,51,51,549,0.78892733564013839,0.24990655565784436,0.45894903967587197,5.002336081955756e-07,30,1.5007008245867268e-05,0.05,lower
cec2014,10,100000,19,hybrid,ARRDE,MSC-CMA,51,51,0,1,0.05627311402918167,1.6454063105700243,3.3001025416762394e-18,30,9.9003076250287177e-17,0.05,lower
cec2014,10,100000,20,hybrid,ARRDE,MSC-CMA,51,51,112,0.95693963860053821,0.32324726219690092,1.2849718874979317,1.8510708267370478e-15,30,5.5532124802111434e-14,0.05,lower
cec2014,10,100000,21,hybrid,ARRDE,MSC-CMA,51,51,65,0.97500961168781242,0.39590844126087177,1.4266696846566447,1.3911794652540345e-16,30,4.1735383957621034e-15,0.05,lower
cec2014,10,100000,22,hybrid,ARRDE,MSC-CMA,51,51,77,0.97039600153787009,0.21604820688435211,20.436836921025588,2.7189450995250805e-16,30,8.1568352985752418e-15,0.05,lower
cec2014,10,100000,23,composition,ARRDE,MSC-CMA,51,51,1468.5,0.43540945790080743,329.45747471071309,300.00000000020373,0.25630939089312399,30,1,0.05,not significant
cec2014,10,100000,24,composition,ARRDE,MSC-CMA,51,51,1451.5,0.44194540561322571,106.59501597066037,106.59501597065992,0.31344790246334076,30,1,0.05,not significant
cec2014,10,100000,25,composition,ARRDE,MSC-CMA,51,51,1387,0.46674356016916574,116.55356942961225,116.43221169254275,0.56487974324107704,30,1,0.05,not significant
cec2014,10,100000,26,composition,ARRDE,MSC-CMA,51,51,58,0.97770088427527879,100.02866918146174,100.19251325086498,9.3831129234171917e-17,30,2.8149338770251577e-15,0.05,lower
cec2014,10,100000,27,composition,ARRDE,MSC-CMA,51,51,376,0.85544021530180703,1.2327584223880876,2.3682339283668625,6.2472977689988601e-10,30,1.8741893306996579e-08,0.05,lower
cec2014,10,100000,28,composition,ARRDE,MSC-CMA,51,51,648,0.75086505190311414,357.1032390479445,372.12153116836953,1.2791298041835645e-05,30,0.00038373894125506933,0.05,lower
cec2014,10,100000,29,composition,ARRDE,MSC-CMA,51,51,359,0.86197616301422531,221.76056137387195,224.30014824747741,3.0182646696030121e-10,30,9.0547940088090363e-09,0.05,lower
cec2014,10,100000,30,composition,ARRDE,MSC-CMA,51,51,335,0.87120338331410996,462.33268815995689,472.57521579918148,1.0577200626973859e-10,30,3.1731601880921576e-09,0.05,lower
cec2014,10,100000,1,basic,BIPOP-CMA,MSC-CMA,51,51,0,1,0,9.3432959147321526e-09,1.3905886961424435e-20,30,4.1717660884273307e-19,0.05,lower
cec2014,10,100000,2,basic,BIPOP-CMA,MSC-CMA,51,51,102,0.96078431372549022,0,3.042401885977597e-09,2.4951114593373185e-18,30,7.485334378011956e-17,0.05,lower
cec2014,10,100000,3,basic,BIPOP-CMA,MSC-CMA,51,51,688.5,0.73529411764705888,0,0,3.2510433460501254e-08,30,9.7531300381503761e-07,0.05,lower
cec2014,10,100000,4,basic,BIPOP-CMA,MSC-CMA,51,51,2077.5,0.20126874279123419,34.780274874720646,0,6.5702216927189043e-08,30,1.9710665078156714e-06,0.05,higher
cec2014,10,100000,5,basic,BIPOP-CMA,MSC-CMA,51,51,427,0.83583237216455208,19.99997923758724,19.999999999848228,5.1351130909995849e-09,30,1.5405339272998755e-07,0.05,lower
cec2014,10,100000,6,basic,BIPOP-CMA,MSC-CMA,51,51,0,1,0,3.5627060884156663,9.0480218277557623e-20,30,2.7144065483267287e-18,0.05,lower
cec2014,10,100000,7,basic,BIPOP-CMA,MSC-CMA,51,51,229.5,0.91176470588235292,0,0.0098572846078468501,9.4413504478555457e-16,30,2.8324051343566638e-14,0.05,lower
cec2014,10,100000,8,basic,BIPOP-CMA,MSC-CMA,51,51,1545.5,0.40580545943867741,2.9848771712798907,1.9899181141865938,0.099306056440917057,30,1,0.05,not significant
cec2014,10,100000,9,basic,BIPOP-CMA,MSC-CMA,51,51,1904,0.26797385620915037,1.9899181141865938,0.99495905709329691,4.388552182362512e-05,30,0.0013165656547087536,0.05,higher
cec2014,10,100000,10,basic,BIPOP-CMA,MSC-CMA,51,51,1487.5,0.42810457516339873,30.512502891190707,25.772814150715021,0.21194471798007197,30,1,0.05,not significant
cec2014,10,100000,11,basic,BIPOP-CMA,MSC-CMA,51,51,1752.5,0.32622068435217222,24.4821876770975,11.891979620299935,0.0025112754391851573,30,0.075338263175554726,0.05,not significant
cec2014,10,100000,12,basic,BIPOP-CMA,MSC-CMA,51,51,246,0.90542099192618219,3.1832314562052488e-12,0.033245797464587667,1.7140200089138092e-12,30,5.1420600267414276e-11,0.05,lower
cec2014,10,100000,13,basic,BIPOP-CMA,MSC-CMA,51,51,0,1,0.023914685963291049,0.38125948453671299,3.3036815016661564e-18,30,9.9110445049984696e-17,0.05,lower
cec2014,10,100000,14,basic,BIPOP-CMA,MSC-CMA,51,51,2372,0.088043060361399417,0.35240986186522605,0.241933362851114,7.6162701018722971e-13,30,2.2848810305616891e-11,0.05,higher
cec2014,10,100000,15,basic,BIPOP-CMA,MSC-CMA,51,51,359,0.86197616301422531,0.60268409220816466,0.94618901446119708,3.0182646696030121e-10,30,9.0547940088090363e-09,0.05,lower
cec2014,10,100000,16,basic,BIPOP-CMA,MSC-CMA,51,51,136,0.94771241830065356,2.2364207656696635,3.2060587512919483,6.6844276035488455e-15,30,2.0053282810646538e-13,0.05,lower
cec2014,10,100000,17,hybrid,BIPOP-CMA,MSC-CMA,51,51,1610,0.38100730488273737,13.16287319836124,5.9697493047444823,0.038634544824449238,30,1,0.05,not significant
cec2014,10,100000,18,hybrid,BIPOP-CMA,MSC-CMA,51,51,2365,0.090734332948865792,2.3406855729788276,0.45894903967587197,1.0711522171960899e-12,30,3.2134566515882701e-11,0.05,higher
cec2014,10,100000,19,hybrid,BIPOP-CMA,MSC-CMA,51,51,143,0.94502114571318718,1.0164628021711906,1.6454063105700243,9.6728747701797085e-15,30,2.9018624310539124e-13,0.05,lower
cec2014,10,100000,20,hybrid,BIPOP-CMA,MSC-CMA,51,51,1622,0.37639369473279505,1.5422564846614932,1.2849718874979317,0.031685242729522896,30,0.95055728188568689,0.05,not significant
cec2014,10,100000,21,hybrid,BIPOP-CMA,MSC-CMA,51,51,1542,0.4071510957324106,16.767493752084192,1.4266696846566447,0.10675700732027862,30,1,0.05,not significant
cec2014,10,100000,22,hybrid,BIPOP-CMA,MSC-CMA,51,51,1064,0.59092656670511334,20.324684352384338,20.436836921025588,0.11422624506800838,30,1,0.05,not significant
cec2014,10,100000,23,composition,BIPOP-CMA,MSC-CMA,51,51,1812,0.30334486735870814,329.45747471071309,300.00000000020373,6.1741337929309797e-05,30,0.0018522401378792939,0.05,higher
cec2014,10,100000,24,composition,BIPOP-CMA,MSC-CMA,51,51,1985.5,0.23663975394079195,107.9002563761137,106.59501597065992,4.5775855718168865e-06,30,0.00013732756715450659,0.05,higher
cec2014,10,100000,25,composition,BIPOP-CMA,MSC-CMA,51,51,2078.5,0.20088427527873898,123.16168019058932,116.43221169254275,1.9508338313204845e-07,30,5.8525014939614532e-06,0.05,higher
cec2014,10,100000,26,composition,BIPOP-CMA,MSC-CMA,51,51,57,0.97808535178777389,100.02661316551985,100.19251325086498,8.8682193669000396e-17,30,2.6604658100700118e-15,0.05,lower
cec2014,10,100000,27,composition,BIPOP-CMA,MSC-CMA,51,51,2486,0.044213763936947315,291.35278761490827,2.3682339283668625,1.4289030596107564e-15,30,4.2867091788322692e-14,0.05,higher
cec2014,10,100000,28,composition,BIPOP-CMA,MSC-CMA,51,51,1792,0.31103421760861205,378.32718788284365,372.12153116836953,0.0010157797711895405,30,0.030473393135686214,0.05,higher
cec2014,10,100000,29,composition,BIPOP-CMA,MSC-CMA,51,51,1224,0.52941176470588236,223.79468367275103,224.30014824747741,0.61100054922236557,30,1,0.05,not significant
cec2014,10,100000,30,composition,BIPOP-CMA,MSC-CMA,51,51,1967,0.2437524029219531,499.66852242413825,472.57521579918148,8.2981735952010488e-06,30,0.00024894520785603147,0.05,higher
cec2014,10,100000,1,basic,LSRTDE,MSC-CMA,51,51,0,1,0,9.3432959147321526e-09,1.3905886961424435e-20,30,4.1717660884273307e-19,0.05,lower
cec2014,10,100000,2,basic,LSRTDE,MSC-CMA,51,51,102,0.96078431372549022,0,3.042401885977597e-09,2.4951114593373185e-18,30,7.485334378011956e-17,0.05,lower
cec2014,10,100000,3,basic,LSRTDE,MSC-CMA,51,51,688.5,0.73529411764705888,0,0,3.2510433460501254e-08,30,9.7531300381503761e-07,0.05,lower
cec2014,10,100000,4,basic,LSRTDE,MSC-CMA,51,51,1865.5,0.28277585544021533,34.780274874720646,0,6.0351188093523618e-05,30,0.0018105356428057085,0.05,higher
cec2014,10,100000,5,basic,LSRTDE,MSC-CMA,51,51,1342,0.48404459823144941,20.309889153604104,19.999999999848228,0.78374367947235635,30,1,0.05,not significant
cec2014,10,100000,6,basic,LSRTDE,MSC-CMA,51,51,0,1,0,3.5627060884156663,1.3905886961424435e-20,30,4.1717660884273307e-19,0.05,lower
cec2014,10,100000,7,basic,LSRTDE,MSC-CMA,51,51,449,0.82737408688965786,0,0.0098572846078468501,1.0781640129282115e-09,30,3.2344920387846345e-08,0.05,lower
cec2014,10,100000,8,basic,LSRTDE,MSC-CMA,51,51,173,0.93348712033833137,0,1.9899181141865938,6.3086208455183094e-15,30,1.8925862536554929e-13,0.05,lower
cec2014,10,100000,9,basic,LSRTDE,MSC-CMA,51,51,882,0.66089965397923878,0,0.99495905709329691,0.0030091890724587662,30,0.090275672173762991,0.05,not significant
cec2014,10,100000,10,basic,LSRTDE,MSC-CMA,51,51,72.5,0.97212610534409838,0.43718108727080107,25.772814150715021,2.0442326050380297e-16,30,6.132697815114089e-15,0.05,lower
cec2014,10,100000,11,basic,LSRTDE,MSC-CMA,51,51,1194,0.54094579008073818,11.954434061337452,11.891979620299935,0.47797367390385559,30,1,0.05,not significant
cec2014,10,100000,12,basic,LSRTDE,MSC-CMA,51,51,2451,0.057670126874279082,0.74980265988506289,0.033245797464587667,1.3971975970711447e-14,30,4.1915927912134343e-13,0.05,higher
cec2014,10,100000,13,basic,LSRTDE,MSC-CMA,51,51,0,1,0.052625956223437242,0.38125948453671299,3.3036815016661564e-18,30,9.9110445049984696e-17,0.05,lower
cec2014,10,100000,14,basic,LSRTDE,MSC-CMA,51,51,1622,0.37639369473279505,0.27009525481230412,0.241933362851114,0.031685242729522896,30,0.95055728188568689,0.05,not significant
cec2014,10,100000,15,basic,LSRTDE,MSC-CMA,51,51,790,0.69627066512879665,0.76134173677223771,0.94618901446119708,0.00064185783343824303,30,0.019255735003147291,0.05,lower
cec2014,10,100000,16,basic,LSRTDE,MSC-CMA,51,51,0,1,0.49773786817286236,3.2060587512919483,3.3036815016661564e-18,30,9.9110445049984696e-17,0.05,lower
cec2014,10,100000,17,hybrid,LSRTDE,MSC-CMA,51,51,236,0.90926566705113421,0.41628596929103878,5.9697493047444823,8.7914387541264705e-13,30,2.6374316262379411e-11,0.05,lower
cec2014,10,100000,18,hybrid,LSRTDE,MSC-CMA,51,51,224,0.91387927720107653,0.071171474928632961,0.45894903967587197,5.961793523056024e-13,30,1.7885380569168072e-11,0.05,lower
cec2014,10,100000,19,hybrid,LSRTDE,MSC-CMA,51,51,0,1,0.036543769966783657,1.6454063105700243,3.1571759218704862e-18,30,9.4715277656114588e-17,0.05,lower
cec2014,10,100000,20,hybrid,LSRTDE,MSC-CMA,51,51,150,0.94232987312572092,0.41771397157231149,1.2849718874979317,1.3971975970711447e-14,30,4.1915927912134343e-13,0.05,lower
cec2014,10,100000,21,hybrid,LSRTDE,MSC-CMA,51,51,135,0.94809688581314877,0.62465083209553995,1.4266696846566447,6.3394205532798461e-15,30,1.9018261659839539e-13,0.05,lower
cec2014,10,100000,22,hybrid,LSRTDE,MSC-CMA,51,51,82,0.96847366397539403,0.33272287722002147,20.436836921025588,3.5879154323186085e-16,30,1.0763746296955826e-14,0.05,lower
cec2014,10,100000,23,composition,LSRTDE,MSC-CMA,51,51,1836,0.29411764705882348,329.45747471071309,300.00000000020373,2.330173452165158e-05,30,0.00069905203564954736,0.05,higher
cec2014,10,100000,24,composition,LSRTDE,MSC-CMA,51,51,638.5,0.7545174932718185,100.00000000000045,106.59501597065992,8.8476136496118344e-06,30,0.00026542840948835502,0.05,lower
cec2014,10,100000,25,composition,LSRTDE,MSC-CMA,51,51,2172.5,0.16474432910419068,192.86554242024658,116.43221169254275,5.3741205821675934e-09,30,1.6122361746502781e-07,0.05,higher
cec2014,10,100000,26,composition,LSRTDE,MSC-CMA,51,51,91,0.96501345636293734,100.05383897186312,100.19251325086498,5.8942535803087671e-16,30,1.7682760740926301e-14,0.05,lower
cec2014,10,100000,27,composition,LSRTDE,MSC-CMA,51,51,1328,0.48942714340638216,268.91976587960517,2.3682339283668625,0.85620882419345479,30,1,0.05,not significant
cec2014,10,100000,28,composition,LSRTDE,MSC-CMA,51,51,1431,0.44982698961937717,360.06118121803365,372.12153116836953,0.38332761693400663,30,1,0.05,not significant
cec2014,10,100000,29,composition,LSRTDE,MSC-CMA,51,51,363,0.86043829296424446,221.76056048962482,224.30014824747741,3.0563452631402304e-10,30,9.1690357894206916e-09,0.05,lower
cec2014,10,100000,30,composition,LSRTDE,MSC-CMA,51,51,1590,0.38869665513264129,480.70841590917007,472.57521579918148,0.052941646423284097,30,1,0.05,not significant
cec2014,10,100000,1,basic,NLSHADE-RSP,MSC-CMA,51,51,2601,0,0.81289677606049793,9.3432959147321526e-09,3.3036815016661564e-18,30,9.9110445049984696e-17,0.05,higher
cec2014,10,100000,2,basic,NLSHADE-RSP,MSC-CMA,51,51,203,0.92195309496347555,0,3.042401885977597e-09,2.1422707838557966e-14,30,6.4268123515673894e-13,0.05,lower
cec2014,10,100000,3,basic,NLSHADE-RSP,MSC-CMA,51,51,992.5,0.61841599384851986,0,0,0.014148438129511503,30,0.42445314388534511,0.05,not significant
cec2014,10,100000,4,basic,NLSHADE-RSP,MSC-CMA,51,51,2034,0.2179930795847751,1.3699263945454732e-11,0,6.8596360764465379e-07,30,2.0578908229339614e-05,0.05,higher
cec2014,10,100000,5,basic,NLSHADE-RSP,MSC-CMA,51,51,1097,0.578239138792772,20.010390913724564,19.999999999848228,0.17426716414752097,30,1,0.05,not significant
cec2014,10,100000,6,basic,NLSHADE-RSP,MSC-CMA,51,51,0,1,0,3.5627060884156663,1.3422877220304709e-18,30,4.0268631660914125e-17,0.05,lower
cec2014,10,100000,7,basic,NLSHADE-RSP,MSC-CMA,51,51,824,0.6831987697039601,0,0.0098572846078468501,0.0010542773048570369,30,0.031628319145711105,0.05,lower
cec2014,10,100000,8,basic,NLSHADE-RSP,MSC-CMA,51,51,51,0.98039215686274506,0,1.9899181141865938,1.6918341029782167e-19,30,5.0755023089346501e-18,0.05,lower
cec2014,10,100000,9,basic,NLSHADE-RSP,MSC-CMA,51,51,2421.5,0.069011918492887347,2.9848771712798907,0.99495905709329691,4.104102878639928e-14,30,1.2312308635919785e-12,0.05,higher
cec2014,10,100000,10,basic,NLSHADE-RSP,MSC-CMA,51,51,0,1,0,25.772814150715021,1.3901956678272616e-20,30,4.170587003481785e-19,0.05,lower
cec2014,10,100000,11,basic,NLSHADE-RSP,MSC-CMA,51,51,2218,0.14725105728565935,118.68815237859326,11.891979620299935,8.3881137621918114e-10,30,2.5164341286575435e-08,0.05,higher
cec2014,10,100000,12,basic,NLSHADE-RSP,MSC-CMA,51,51,2087,0.19761630142252984,0.11265964252766025,0.033245797464587667,1.4368923335089654e-07,30,4.3106770005268965e-06,0.05,higher
cec2014,10,100000,13,basic,NLSHADE-RSP,MSC-CMA,51,51,25,0.99038831218762013,0.067632183825253378,0.38125948453671299,1.4235199004135164e-17,30,4.270559701240549e-16,0.05,lower
cec2014,10,100000,14,basic,NLSHADE-RSP,MSC-CMA,51,51,148,0.94309880815071123,0.12553561212394015,0.241933362851114,1.2581886517459927e-14,30,3.7745659552379784e-13,0.05,lower
cec2014,10,100000,15,basic,NLSHADE-RSP,MSC-CMA,51,51,430,0.83467896962706645,0.58888732053560489,0.94618901446119708,5.7919906014441508e-09,30,1.7375971804332452e-07,0.05,lower
cec2014,10,100000,16,basic,NLSHADE-RSP,MSC-CMA,51,51,0,1,1.7171021024339552,3.2060587512919483,3.3036815016661564e-18,30,9.9110445049984696e-17,0.05,lower
cec2014,10,100000,17,hybrid,NLSHADE-RSP,MSC-CMA,51,51,1789,0.31218762014609769,22.911937489678394,5.9697493047444823,0.001090623871224141,30,0.032718716136724231,0.05,higher
cec2014,10,100000,18,hybrid,NLSHADE-RSP,MSC-CMA,51,51,1809,0.30449826989619377,1.192678438196026,0.45894903967587197,0.00067411653186987984,30,0.020223495956096394,0.05,higher
cec2014,10,100000,19,hybrid,NLSHADE-RSP,MSC-CMA,51,51,0,1,0.085157810110331411,1.6454063105700243,3.2936696757663775e-18,30,9.8810090272991325e-17,0.05,lower
cec2014,10,100000,20,hybrid,NLSHADE-RSP,MSC-CMA,51,51,42,0.98385236447520186,0.12506242034805837,1.2849718874979317,3.7833387233007244e-17,30,1.1350016169902174e-15,0.05,lower
cec2014,10,100000,21,hybrid,NLSHADE-RSP,MSC-CMA,51,51,249,0.90426758938869667,0.33809477223985596,1.4266696846566447,2.0064416091736614e-12,30,6.0193248275209842e-11,0.05,lower
cec2014,10,100000,22,hybrid,NLSHADE-RSP,MSC-CMA,51,51,0,1,0.042498661483477917,20.436836921025588,3.3036815016661564e-18,30,9.9110445049984696e-17,0.05,lower
cec2014,10,100000,23,composition,NLSHADE-RSP,MSC-CMA,51,51,1182,0.5455594002306805,329.45747471071309,300.00000000020373,0.40372742540251916,30,1,0.05,not significant
cec2014,10,100000,24,composition,NLSHADE-RSP,MSC-CMA,51,51,2515,0.033064206074586711,112.55910169004028,106.59501597065992,4.3990788399703743e-16,30,1.3197236519911123e-14,0.05,higher
cec2014,10,100000,25,composition,NLSHADE-RSP,MSC-CMA,51,51,1685.5,0.35198000768935023,118.7978794342248,116.43221169254275,0.010069929349227432,30,0.30209788047682296,0.05,not significant
cec2014,10,100000,26,composition,NLSHADE-RSP,MSC-CMA,51,51,226,0.91311034217608611,100.06795051907375,100.19251325086498,6.5762821204385429e-13,30,1.9728846361315628e-11,0.05,lower
cec2014,10,100000,27,composition,NLSHADE-RSP,MSC-CMA,51,51,1417,0.45520953479430992,2.4766966335091638,2.3682339283668625,0.43753996672917517,30,1,0.05,not significant
cec2014,10,100000,28,composition,NLSHADE-RSP,MSC-CMA,51,51,913,0.64898116109188775,360.06118820142501,372.12153116836953,0.0095931808097628694,30,0.28779542429288607,0.05,not significant
cec2014,10,100000,29,composition,NLSHADE-RSP,MSC-CMA,51,51,851,0.67281814686658969,223.45708477894686,224.30014824747741,0.0026555850074565061,30,0.079667550223695177,0.05,not significant
cec2014,10,100000,30,composition,NLSHADE-RSP,MSC-CMA,51,51,2317,0.1091887735486351,505.45947368022144,472.57521579918148,1.0477128132299314e-11,30,3.1431384396897943e-10,0.05,higher
cec2014,10,100000,1,basic,j2020,MSC-CMA,51,51,2601,0,0.068938436604469189,9.3432959147321526e-09,3.3036815016661564e-18,30,9.9110445049984696e-17,0.05,higher
cec2014,10,100000,2,basic,j2020,MSC-CMA,51,51,537,0.79354094579008072,2.5579538487363607e-13,3.042401885977597e-09,3.2143694559244124e-07,30,9.6431083677732365e-06,0.05,lower
cec2014,10,100000,3,basic,j2020,MSC-CMA,51,51,2372,0.088043060361399417,2.2737367544323206e-13,0,3.2438415429105259e-13,30,9.7315246287315785e-12,0.05,higher
cec2014,10,100000,4,basic,j2020,MSC-CMA,51,51,2142,0.17647058823529416,0.059851457537092756,0,1.3073306949165534e-08,30,3.9219920847496601e-07,0.05,higher
cec2014,10,100000,5,basic,j2020,MSC-CMA,51,51,1558,0.40099961553248753,20.065959500915028,19.999999999848228,0.085427754345569401,30,1,0.05,not significant
cec2014,10,100000,6,basic,j2020,MSC-CMA,51,51,8,0.99692425990003841,5.5706550483591855e-12,3.5627060884156663,5.1693640906480269e-18,30,1.5508092271944082e-16,0.05,lower
cec2014,10,100000,7,basic,j2020,MSC-CMA,51,51,1912,0.26489811610918879,0.013498917797164722,0.0098572846078468501,4.2562360707494659e-05,30,0.0012768708212248397,0.05,higher
cec2014,10,100000,8,basic,j2020,MSC-CMA,51,51,127,0.95117262591311036,1.1368683772161603e-13,1.9899181141865938,4.1350048697361982e-16,30,1.2405014609208595e-14,0.05,lower
cec2014,10,100000,9,basic,j2020,MSC-CMA,51,51,2444,0.060361399461745457,2.9848771712803455,0.99495905709329691,1.6584380396931218e-14,30,4.975314119079365e-13,0.05,higher
cec2014,10,100000,10,basic,j2020,MSC-CMA,51,51,0,1,1.8189894035458565e-12,25.772814150715021,2.3270631761962155e-18,30,6.9811895285886469e-17,0.05,lower
cec2014,10,100000,11,basic,j2020,MSC-CMA,51,51,2150,0.17339484813533257,65.214495245948456,11.891979620299935,1.3291923308649367e-08,30,3.98757699259481e-07,0.05,higher
cec2014,10,100000,12,basic,j2020,MSC-CMA,51,51,2446,0.059592464436755144,0.28344317047594814,0.033245797464587667,1.8142737221245963e-14,30,5.4428211663737889e-13,0.05,higher
cec2014,10,100000,13,basic,j2020,MSC-CMA,51,51,261,0.89965397923875434,0.15784936767340696,0.38125948453671299,3.5577003364465219e-12,30,1.0673101009339566e-10,0.05,lower
cec2014,10,100000,14,basic,j2020,MSC-CMA,51,51,271,0.89580930411380244,0.14239852695504851,0.241933362851114,5.7063016970994643e-12,30,1.7118905091298394e-10,0.05,lower
cec2014,10,100000,15,basic,j2020,MSC-CMA,51,51,1028,0.60476739715494043,0.81400594001593163,0.94618901446119708,0.06869561729009338,30,1,0.05,not significant
cec2014,10,100000,16,basic,j2020,MSC-CMA,51,51,3,0.99884659746251436,1.8132087132639754,3.2060587512919483,3.9423573447196093e-18,30,1.1827072034158828e-16,0.05,lower
cec2014,10,100000,17,hybrid,j2020,MSC-CMA,51,51,1290,0.50403690888119956,6.4627117276020272,5.9697493047444823,0.94663975988927107,30,1,0.05,not significant
cec2014,10,100000,18,hybrid,j2020,MSC-CMA,51,51,2188,0.15878508266051516,1.4994895334743887,0.45894903967587197,2.9129269416322625e-09,30,8.7387808248967871e-08,0.05,higher
cec2014,10,100000,19,hybrid,j2020,MSC-CMA,51,51,1,0.99961553248750479,0.11868256586785719,1.6454063105700243,3.5035580838974204e-18,30,1.0510674251692261e-16,0.05,lower
cec2014,10,100000,20,hybrid,j2020,MSC-CMA,51,51,691,0.73433294886582079,0.70826991176977572,1.2849718874979317,4.5844838398166494e-05,30,0.0013753451519449948,0.05,lower
cec2014,10,100000,21,hybrid,j2020,MSC-CMA,51,51,153,0.94117647058823528,0.32598652773549475,1.4266696846566447,1.6344900313973792e-14,30,4.9034700941921379e-13,0.05,lower
cec2014,10,100000,22,hybrid,j2020,MSC-CMA,51,51,39,0.98500576701268738,0.33864340092941347,20.436836921025588,3.1868721429319784e-17,30,9.5606164287959346e-16,0.05,lower
cec2014,10,100000,23,composition,j2020,MSC-CMA,51,51,2299.5,0.11591695501730104,329.45747471071354,300.00000000020373,1.3959183457098831e-12,30,4.1877550371296493e-11,0.05,higher
cec2014,10,100000,24,composition,j2020,MSC-CMA,51,51,2482.5,0.045559400230680502,111.52778338002736,106.59501597065992,2.5858213623284311e-15,30,7.7574640869852928e-14,0.05,higher
cec2014,10,100000,25,composition,j2020,MSC-CMA,51,51,2005,0.2291426374471357,123.01672339334982,116.43221169254275,2.455713924347506e-06,30,7.3671417730425181e-05,0.05,higher
cec2014,10,100000,26,composition,j2020,MSC-CMA,51,51,962,0.63014225297962323,100.172236614138,100.19251325086498,0.023689058731717717,30,0.71067176195153148,0.05,not significant
cec2014,10,100000,27,composition,j2020,MSC-CMA,51,51,2141,0.17685505574778926,3.9049177822366801,2.3682339283668625,1.8889684094290756e-08,30,5.6669052282872268e-07,0.05,higher
cec2014,10,100000,28,composition,j2020,MSC-CMA,51,51,1184,0.54479046520569008,369.3715241024247,372.12153116836953,0.43753996672917517,30,1,0.05,not significant
cec2014,10,100000,29,composition,j2020,MSC-CMA,51,51,1704,0.34486735870818919,225.88156906740369,224.30014824747741,0.0069933437253637473,30,0.20980031176091241,0.05,not significant
cec2014,10,100000,30,composition,j2020,MSC-CMA,51,51,1920,0.2618223760092272,498.70701272246379,472.57521579918148,3.4311231398866137e-05,30,0.001029336941965984,0.05,higher
cec2014,10,100000,1,basic,jSO,MSC-CMA,51,51,0,1,0,9.3432959147321526e-09,1.3905886961424435e-20,30,4.1717660884273307e-19,0.05,lower
cec2014,10,100000,2,basic,jSO,MSC-CMA,51,51,102,0.96078431372549022,0,3.042401885977597e-09,2.4951114593373185e-18,30,7.485334378011956e-17,0.05,lower
cec2014,10,100000,3,basic,jSO,MSC-CMA,51,51,688.5,0.73529411764705888,0,0,3.2510433460501254e-08,30,9.7531300381503761e-07,0.05,lower
cec2014,10,100000,4,basic,jSO,MSC-CMA,51,51,1993,0.23375624759707803,34.780274874720646,0,8.7144819376228131e-07,30,2.614344581286844e-05,0.05,higher
cec2014,10,100000,5,basic,jSO,MSC-CMA,51,51,1485,0.4290657439446367,20.279934455789089,19.999999999848228,0.21815025805168498,30,1,0.05,not significant
cec2014,10,100000,6,basic,jSO,MSC-CMA,51,51,0,1,0,3.5627060884156663,1.3905886961424435e-20,30,4.1717660884273307e-19,0.05,lower
cec2014,10,100000,7,basic,jSO,MSC-CMA,51,51,309.5,0.88100730488273737,0,0.0098572846078468501,4.966669666521065e-13,30,1.4900008999563194e-11,0.05,lower
cec2014,10,100000,8,basic,jSO,MSC-CMA,51,51,52.5,0.97981545559400229,0,1.9899181141865938,2.7068652049987044e-19,30,8.1205956149961134e-18,0.05,lower
cec2014,10,100000,9,basic,jSO,MSC-CMA,51,51,2249.5,0.13514033064206077,1.9899181141867075,0.99495905709329691,1.7037528398897443e-10,30,5.1112585196692332e-09,0.05,higher
cec2014,10,100000,10,basic,jSO,MSC-CMA,51,51,0,1,1.8189894035458565e-12,25.772814150715021,2.6063568398987977e-18,30,7.8190705196963928e-17,0.05,lower
cec2014,10,100000,11,basic,jSO,MSC-CMA,51,51,1688,0.35101883890811225,18.659446554658643,11.891979620299935,0.0095923644468209456,30,0.28777093340462839,0.05,not significant
cec2014,10,100000,12,basic,jSO,MSC-CMA,51,51,2164,0.16801230296039982,0.11282290956501129,0.033245797464587667,7.658537762257202e-09,30,2.2975613286771607e-07,0.05,higher
cec2014,10,100000,13,basic,jSO,MSC-CMA,51,51,12,0.99538638985005767,0.069248036431872606,0.38125948453671299,6.6833152211402406e-18,30,2.0049945663420721e-16,0.05,lower
cec2014,10,100000,14,basic,jSO,MSC-CMA,51,51,14,0.99461745482506725,0.055280025956562895,0.241933362851114,7.5114182807079167e-18,30,2.253425484212375e-16,0.05,lower
cec2014,10,100000,15,basic,jSO,MSC-CMA,51,51,67,0.97424067666282199,0.41521760256887319,0.94618901446119708,1.5562448484555061e-16,30,4.6687345453665186e-15,0.05,lower
cec2014,10,100000,16,basic,jSO,MSC-CMA,51,51,0,1,1.067402386570393,3.2060587512919483,3.3036815016661564e-18,30,9.9110445049984696e-17,0.05,lower
cec2014,10,100000,17,hybrid,jSO,MSC-CMA,51,51,405,0.84429065743944642,1.4112450263844494,5.9697493047444823,2.0848127817007656e-09,30,6.2544383451022962e-08,0.05,lower
cec2014,10,100000,18,hybrid,jSO,MSC-CMA,51,51,147,0.94348327566320644,0.085068260133766671,0.45894903967587197,1.1938808840205819e-14,30,3.5816426520617458e-13,0.05,lower
cec2014,10,100000,19,hybrid,jSO,MSC-CMA,51,51,0,1,0.029373667596246378,1.6454063105700243,3.3036815016661564e-18,30,9.9110445049984696e-17,0.05,lower
cec2014,10,100000,20,hybrid,jSO,MSC-CMA,51,51,104,0.9600153787004998,0.2445169079542211,1.2849718874979317,1.1997452108071602e-15,30,3.5992356324214807e-14,0.05,lower
cec2014,10,100000,21,hybrid,jSO,MSC-CMA,51,51,109,0.95809304113802385,0.42226595028068914,1.4266696846566447,1.5737711447333636e-15,30,4.7213134342000907e-14,0.05,lower
cec2014,10,100000,22,hybrid,jSO,MSC-CMA,51,51,4,0.99846212995001926,0.11219711901867413,20.436836921025588,4.1812246147484963e-18,30,1.2543673844245488e-16,0.05,lower
cec2014,10,100000,23,composition,jSO,MSC-CMA,51,51,1836,0.29411764705882348,329.45747471071309,300.00000000020373,2.330173452165158e-05,30,0.00069905203564954736,0.05,higher
cec2014,10,100000,24,composition,jSO,MSC-CMA,51,51,1225.5,0.52883506343713949,105.96235138559769,106.59501597065992,0.61782782513666867,30,1,0.05,not significant
cec2014,10,100000,25,composition,jSO,MSC-CMA,51,51,1255.5,0.51730103806228378,115.00955154311123,116.43221169254275,0.76575727760399559,30,1,0.05,not significant
cec2014,10,100000,26,composition,jSO,MSC-CMA,51,51,160,0.93848519800076891,100.06778821748367,100.19251325086498,2.3532550642032639e-14,30,7.0597651926097921e-13,0.05,lower
cec2014,10,100000,27,composition,jSO,MSC-CMA,51,51,89,0.96578239138792776,1.1003809738499513,2.3682339283668625,5.2802556563629327e-16,30,1.5840766969088797e-14,0.05,lower
cec2014,10,100000,28,composition,jSO,MSC-CMA,51,51,1041,0.59976931949250289,356.82687929708663,372.12153116836953,0.079066381779451828,30,1,0.05,not significant
cec2014,10,100000,29,composition,jSO,MSC-CMA,51,51,353,0.86428296808919647,221.76056048962482,224.30014824747741,1.9708780386564737e-10,30,5.9126341159694213e-09,0.05,lower
cec2014,10,100000,30,composition,jSO,MSC-CMA,51,51,650,0.75009611687812383,462.90546468340472,472.57521579918148,1.3597634950673066e-05,30,0.000407929048520192,0.05,lower
cec2014,10,1000000,1,basic,ARRDE,MSC-CMA,51,51,1198.5,0.53921568627450989,0,0,0.043338945608060793,30,1,0.05,not significant
cec2014,10,1000000,2,basic,ARRDE,MSC-CMA,51,51,1300.5,0.5,0,0,1,30,1,0.05,not significant
cec2014,10,1000000,3,basic,ARRDE,MSC-CMA,51,51,1300.5,0.5,0,0,1,30,1,0.05,not significant
cec2014,10,1000000,4,basic,ARRDE,MSC-CMA,51,51,1300.5,0.5,0,0,1,30,1,0.05,not significant
cec2014,10,1000000,5,basic,ARRDE,MSC-CMA,51,51,561,0.78431372549019607,0,19.999990646187598,5.955519885136291e-07,30,1.7866559655408874e-05,0.05,lower
cec2014,10,1000000,6,basic,ARRDE,MSC-CMA,51,51,0,1,0,2.5172917838419835,1.3905886961424435e-20,30,4.1717660884273307e-19,0.05,lower
cec2014,10,1000000,7,basic,ARRDE,MSC-CMA,51,51,433.5,0.83333333333333337,0,0.0098572846078468501,4.6842896658008451e-12,30,1.4052868997402535e-10,0.05,lower
cec2014,10,1000000,8,basic,ARRDE,MSC-CMA,51,51,1224,0.52941176470588236,0,0,0.082206511039478639,30,1,0.05,not significant
cec2014,10,1000000,9,basic,ARRDE,MSC-CMA,51,51,1632,0.37254901960784315,0,0,0.00012549009405965538,30,0.0037647028217896615,0.05,higher
cec2014,10,1000000,10,basic,ARRDE,MSC-CMA,51,51,0,1,0,6.829921375383492,1.3757279328038303e-20,30,4.1271837984114911e-19,0.05,lower
cec2014,10,1000000,11,basic,ARRDE,MSC-CMA,51,51,2300.5,0.11553248750480583,3.789687333924121,0.31227220519303955,2.0940283269649935e-11,30,6.2820849808949804e-10,0.05,higher
cec2014,10,1000000,12,basic,ARRDE,MSC-CMA,51,51,219,0.91580161476355249,2.2737367544323206e-13,0.030170999605616089,2.9482073277372366e-13,30,8.8446219832117098e-12,0.05,lower
cec2014,10,1000000,13,basic,ARRDE,MSC-CMA,51,51,0,1,0.015645472873302424,0.27855549319133388,3.3036815016661564e-18,30,9.9110445049984696e-17,0.05,lower
cec2014,10,1000000,14,basic,ARRDE,MSC-CMA,51,51,0,1,0.018814144210637096,0.20217730990725613,3.3036815016661564e-18,30,9.9110445049984696e-17,0.05,lower
cec2014,10,1000000,15,basic,ARRDE,MSC-CMA,51,51,18,0.99307958477508651,0.28171352471258615,0.96854443942470425,9.4831241688968276e-18,30,2.8449372506690481e-16,0.05,lower
cec2014,10,1000000,16,basic,ARRDE,MSC-CMA,51,51,0,1,0.28912197376689619,3.0284282855843685,3.221589913096581e-18,30,9.6647697392897425e-17,0.05,lower
cec2014,10,1000000,17,hybrid,ARRDE,MSC-CMA,51,51,630.5,0.75759323337178008,0.20814298464551939,0.20814298464551939,7.7739225293536876e-07,30,2.3321767588061064e-05,0.05,lower
cec2014,10,1000000,18,hybrid,ARRDE,MSC-CMA,51,51,56,0.97846981930026911,0.024532291285368046,0.47622475087041494,8.3812099143636173e-17,30,2.5143629743090852e-15,0.05,lower
cec2014,10,1000000,19,hybrid,ARRDE,MSC-CMA,51,51,0,1,0,1.5197992219650587,4.6561014706059028e-19,30,1.3968304411817709e-17,0.05,lower
cec2014,10,1000000,20,hybrid,ARRDE,MSC-CMA,51,51,4,0.99846212995001926,0.0093305141970176919,0.83689434583811817,4.1812246147484963e-18,30,1.2543673844245488e-16,0.05,lower
cec2014,10,1000000,21,hybrid,ARRDE,MSC-CMA,51,51,5,0.99807766243752405,0.0030631570066361746,0.82527351238604751,4.4343686629429155e-18,30,1.3303105988828746e-16,0.05,lower
cec2014,10,1000000,22,hybrid,ARRDE,MSC-CMA,51,51,0,1,0.010776897355754045,1.1274902462441787,3.3036815016661564e-18,30,9.9110445049984696e-17,0.05,lower
cec2014,10,1000000,23,composition,ARRDE,MSC-CMA,51,51,418,0.83929257977700877,100.00000000000045,100.00000000021691,2.4311975522656858e-09,30,7.2935926567970579e-08,0.05,lower
cec2014,10,1000000,24,composition,ARRDE,MSC-CMA,51,51,190,0.92695117262591309,100.00000000000045,100.00000000000409,4.1744812613325898e-14,30,1.2523443783997769e-12,0.05,lower
cec2014,10,1000000,25,composition,ARRDE,MSC-CMA,51,51,867,0.66666666666666674,100.00000000000045,100.00000000000591,0.0035868677736194065,30,0.1076060332085822,0.05,not significant
cec2014,10,1000000,26,composition,ARRDE,MSC-CMA,51,51,749,0.71203383314109958,100.01458221158282,100.10930474885345,0.00022630644827595283,30,0.006789193448278585,0.05,lower
cec2014,10,1000000,27,composition,ARRDE,MSC-CMA,51,51,0,1,0.26251315443505518,1.6018805095045536,3.3036815016661564e-18,30,9.9110445049984696e-17,0.05,lower
cec2014,10,1000000,28,composition,ARRDE,MSC-CMA,51,51,825,0.68281430219146477,100.00664774885126,100.11508154950252,0.0014569048137646665,30,0.043707144412939998,0.05,lower
cec2014,10,1000000,29,composition,ARRDE,MSC-CMA,51,51,872,0.66474432910419068,137.41868902023089,149.2117283890484,0.0041742921942689226,30,0.12522876582806769,0.05,not significant
cec2014,10,1000000,30,composition,ARRDE,MSC-CMA,51,51,876,0.66320645905420994,454.29104878488306,459.93123760399794,0.0045411338924580486,30,0.13623401677374145,0.05,not significant
cec2014,10,1000000,1,basic,BIPOP-CMA,MSC-CMA,51,51,1198.5,0.53921568627450989,0,0,0.043338945608060793,30,1,0.05,not significant
cec2014,10,1000000,2,basic,BIPOP-CMA,MSC-CMA,51,51,1300.5,0.5,0,0,1,30,1,0.05,not significant
cec2014,10,1000000,3,basic,BIPOP-CMA,MSC-CMA,51,51,1300.5,0.5,0,0,1,30,1,0.05,not significant
cec2014,10,1000000,4,basic,BIPOP-CMA,MSC-CMA,51,51,1836,0.29411764705882348,0,0,3.7582804376172312e-07,30,1.1274841312851693e-05,0.05,higher
cec2014,10,1000000,5,basic,BIPOP-CMA,MSC-CMA,51,51,630,0.75778546712802775,19.99667554903192,19.999990646187598,7.3213188893917992e-06,30,0.00021963956668175397,0.05,lower
cec2014,10,1000000,6,basic,BIPOP-CMA,MSC-CMA,51,51,0,1,0,2.5172917838419835,1.3905886961424435e-20,30,4.1717660884273307e-19,0.05,lower
cec2014,10,1000000,7,basic,BIPOP-CMA,MSC-CMA,51,51,433.5,0.83333333333333337,0,0.0098572846078468501,4.6842896658008451e-12,30,1.4052868997402535e-10,0.05,lower
cec2014,10,1000000,8,basic,BIPOP-CMA,MSC-CMA,51,51,1693.5,0.34890426758938875,0,0,0.00019312025172420829,30,0.005793607551726249,0.05,higher
cec2014,10,1000000,9,basic,BIPOP-CMA,MSC-CMA,51,51,1428,0.4509803921568627,0,0,0.023068422739190009,30,0.69205268217570026,0.05,not significant
cec2014,10,1000000,10,basic,BIPOP-CMA,MSC-CMA,51,51,2108,0.18954248366013071,18.472083231527904,6.829921375383492,6.5742103630035279e-08,30,1.9722631089010586e-06,0.05,higher
cec2014,10,1000000,11,basic,BIPOP-CMA,MSC-CMA,51,51,1998.5,0.23164167627835452,3.6023240108079335,0.31227220519303955,2.8936708228331477e-06,30,8.681012468499443e-05,0.05,higher
cec2014,10,1000000,12,basic,BIPOP-CMA,MSC-CMA,51,51,0,1,2.2737367544323206e-13,0.030170999605616089,9.0012471559842841e-20,30,2.700374146795285e-18,0.05,lower
cec2014,10,1000000,13,basic,BIPOP-CMA,MSC-CMA,51,51,0,1,0.0040333264817036252,0.27855549319133388,3.3036815016661564e-18,30,9.9110445049984696e-17,0.05,lower
cec2014,10,1000000,14,basic,BIPOP-CMA,MSC-CMA,51,51,2228,0.14340638216070745,0.28215351747076056,0.20217730990725613,5.4996914613403384e-10,30,1.6499074384021016e-08,0.05,higher
cec2014,10,1000000,15,basic,BIPOP-CMA,MSC-CMA,51,51,149,0.94271434063821602,0.44226480577913208,0.96854443942470425,1.3249978120009041e-14,30,3.9749934360027122e-13,0.05,lower
cec2014,10,1000000,16,basic,BIPOP-CMA,MSC-CMA,51,51,0,1,0.21467382355194786,3.0284282855843685,3.2708934204205379e-18,30,9.8126802612616132e-17,0.05,lower
cec2014,10,1000000,17,hybrid,BIPOP-CMA,MSC-CMA,51,51,1035,0.60207612456747406,0.20814298464551939,0.20814298464551939,0.027530717477382276,30,0.82592152432146826,0.05,not significant
cec2014,10,1000000,18,hybrid,BIPOP-CMA,MSC-CMA,51,51,755,0.70972702806612842,0.32814349598561421,0.47622475087041494,0.00026477803957035488,30,0.007943341187110646,0.05,lower
cec2014,10,1000000,19,hybrid,BIPOP-CMA,MSC-CMA,51,51,0,1,0.029147729632541086,1.5197992219650587,8.3892351688929696e-19,30,2.5167705506678908e-17,0.05,lower
cec2014,10,1000000,20,hybrid,BIPOP-CMA,MSC-CMA,51,51,584,0.77547097270280663,0.50634433590948902,0.83689434583811817,1.6514463999668117e-06,30,4.9543391999004352e-05,0.05,lower
cec2014,10,1000000,21,hybrid,BIPOP-CMA,MSC-CMA,51,51,228,0.91234140715109568,0.47283699962008541,0.82527351238604751,7.2528297593194348e-13,30,2.1758489277958304e-11,0.05,lower
cec2014,10,1000000,22,hybrid,BIPOP-CMA,MSC-CMA,51,51,1428,0.4509803921568627,2.028953379945051,1.1274902462441787,0.39533963485053014,30,1,0.05,not significant
cec2014,10,1000000,23,composition,BIPOP-CMA,MSC-CMA,51,51,2592,0.0034602076124568004,329.45747471071309,100.00000000021691,6.9196676681722676e-20,30,2.0759003004516802e-18,0.05,higher
cec2014,10,1000000,24,composition,BIPOP-CMA,MSC-CMA,51,51,1199,0.53902345251826222,100.00000000000091,100.00000000000409,0.49402811782215361,30,1,0.05,not significant
cec2014,10,1000000,25,composition,BIPOP-CMA,MSC-CMA,51,51,1992,0.23414071510957324,114.37935119489339,100.00000000000591,3.6884314158453739e-06,30,0.00011065294247536122,0.05,higher
cec2014,10,1000000,26,composition,BIPOP-CMA,MSC-CMA,51,51,751,0.71126489811610916,100.01093993669292,100.10930474885345,0.00023850580377234913,30,0.0071551741131704741,0.05,lower
cec2014,10,1000000,27,composition,BIPOP-CMA,MSC-CMA,51,51,1933,0.25682429834678966,3.0231429759037383,1.6018805095045536,2.3389604935361412e-05,30,0.00070168814806084235,0.05,higher
cec2014,10,1000000,28,composition,BIPOP-CMA,MSC-CMA,51,51,2268,0.12802768166089962,372.11384105455409,100.11508154950252,9.6811486601530864e-11,30,2.9043445980459257e-09,0.05,higher
cec2014,10,1000000,29,composition,BIPOP-CMA,MSC-CMA,51,51,1984,0.23721645520953483,221.84113237110205,149.2117283890484,4.8512641443065582e-06,30,0.00014553792432919673,0.05,higher
cec2014,10,1000000,30,composition,BIPOP-CMA,MSC-CMA,51,51,2105,0.19069588619761635,465.23565361274632,459.93123760399794,7.4099248294363147e-08,30,2.2229774488308945e-06,0.05,higher
cec2014,10,1000000,1,basic,LSRTDE,MSC-CMA,51,51,1198.5,0.53921568627450989,0,0,0.043338945608060793,30,1,0.05,not significant
cec2014,10,1000000,2,basic,LSRTDE,MSC-CMA,51,51,1300.5,0.5,0,0,1,30,1,0.05,not significant
cec2014,10,1000000,3,basic,LSRTDE,MSC-CMA,51,51,1300.5,0.5,0,0,1,30,1,0.05,not significant
cec2014,10,1000000,4,basic,LSRTDE,MSC-CMA,51,51,2116.5,0.18627450980392157,34.780274874720646,0,1.2346456203524094e-11,30,3.703936861057228e-10,0.05,higher
cec2014,10,1000000,5,basic,LSRTDE,MSC-CMA,51,51,1597,0.38600538254517491,20.034740068150768,19.999990646187598,0.046871731310399171,30,1,0.05,not significant
cec2014,10,1000000,6,basic,LSRTDE,MSC-CMA,51,51,0,1,0,2.5172917838419835,1.3905886961424435e-20,30,4.1717660884273307e-19,0.05,lower
cec2014,10,1000000,7,basic,LSRTDE,MSC-CMA,51,51,526.5,0.79757785467128028,0,0.0098572846078468501,5.0467545017581575e-09,30,1.5140263505274471e-07,0.05,lower
cec2014,10,1000000,8,basic,LSRTDE,MSC-CMA,51,51,1557,0.40138408304498274,0,0,0.0065763847808655383,30,0.19729154342596614,0.05,not significant
cec2014,10,1000000,9,basic,LSRTDE,MSC-CMA,51,51,1810.5,0.30392156862745101,0,0,7.5065738277304521e-07,30,2.2519721483191356e-05,0.05,higher
cec2014,10,1000000,10,basic,LSRTDE,MSC-CMA,51,51,198,0.9238754325259515,0.31227220519394905,6.829921375383492,1.5412252875058911e-13,30,4.6236758625176733e-12,0.05,lower
cec2014,10,1000000,11,basic,LSRTDE,MSC-CMA,51,51,2536.5,0.024798154555940033,11.891979620298116,0.31227220519303955,1.2625592087286434e-16,30,3.7876776261859298e-15,0.05,higher
cec2014,10,1000000,12,basic,LSRTDE,MSC-CMA,51,51,1182,0.5455594002306805,0.031353129934132085,0.030170999605616089,0.42966559060885579,30,1,0.05,not significant
cec2014,10,1000000,13,basic,LSRTDE,MSC-CMA,51,51,0,1,0.015577629016206629,0.27855549319133388,3.3036815016661564e-18,30,9.9110445049984696e-17,0.05,lower
cec2014,10,1000000,14,basic,LSRTDE,MSC-CMA,51,51,1210,0.534794309880815,0.17605500413947084,0.20217730990725613,0.5469454037966972,30,1,0.05,not significant
cec2014,10,1000000,15,basic,LSRTDE,MSC-CMA,51,51,482,0.8146866589773164,0.64455573300460856,0.96854443942470425,4.3837697091014059e-08,30,1.3151309127304217e-06,0.05,lower
cec2014,10,1000000,16,basic,LSRTDE,MSC-CMA,51,51,0,1,0.15217542923505789,3.0284282855843685,2.2353373431519123e-18,30,6.7060120294557373e-17,0.05,lower
cec2014,10,1000000,17,hybrid,LSRTDE,MSC-CMA,51,51,1699.5,0.34659746251441759,0.41628596929103878,0.20814298464551939,0.0041108364613662426,30,0.12332509384098728,0.05,not significant
cec2014,10,1000000,18,hybrid,LSRTDE,MSC-CMA,51,51,85,0.9673202614379085,0.016455023461503515,0.47622475087041494,4.2352304281462028e-16,30,1.2705691284438608e-14,0.05,lower
cec2014,10,1000000,19,hybrid,LSRTDE,MSC-CMA,51,51,0,1,0.029147729632541086,1.5197992219650587,1.9079766077537448e-18,30,5.7239298232612347e-17,0.05,lower
cec2014,10,1000000,20,hybrid,LSRTDE,MSC-CMA,51,51,316,0.87850826605151866,0.38272322632246869,0.83689434583811817,4.5297878248049737e-11,30,1.358936347441492e-09,0.05,lower
cec2014,10,1000000,21,hybrid,LSRTDE,MSC-CMA,51,51,438,0.83160322952710497,0.43779851604995201,0.82527351238604751,7.9689513573945334e-09,30,2.3906854072183601e-07,0.05,lower
cec2014,10,1000000,22,hybrid,LSRTDE,MSC-CMA,51,51,196,0.92464436755094193,0.31241894299864725,1.1274902462441787,1.4821676041556254e-13,30,4.4465028124668757e-12,0.05,lower
cec2014,10,1000000,23,composition,LSRTDE,MSC-CMA,51,51,2601,0,329.45747471071309,100.00000000021691,1.3901956678272616e-20,30,4.170587003481785e-19,0.05,higher
cec2014,10,1000000,24,composition,LSRTDE,MSC-CMA,51,51,908.5,0.65071126489811615,100,100.00000000000409,0.0077407529529049919,30,0.23222258858714975,0.05,not significant
cec2014,10,1000000,25,composition,LSRTDE,MSC-CMA,51,51,2242,0.13802383698577469,197.74785117045121,100.00000000000591,2.9085019912103617e-10,30,8.7255059736310847e-09,0.05,higher
cec2014,10,1000000,26,composition,LSRTDE,MSC-CMA,51,51,765,0.70588235294117641,100.01919914000018,100.10930474885345,0.00034280817495801276,30,0.010284245248740383,0.05,lower
cec2014,10,1000000,27,composition,LSRTDE,MSC-CMA,51,51,1073,0.58746635909265665,0.69193218845202864,1.6018805095045536,0.12765161294240054,30,1,0.05,not significant
cec2014,10,1000000,28,composition,LSRTDE,MSC-CMA,51,51,2446,0.059592464436755144,360.0611812180332,100.11508154950252,1.4733193522510354e-14,30,4.4199580567531065e-13,0.05,higher
cec2014,10,1000000,29,composition,LSRTDE,MSC-CMA,51,51,2014,0.22568242983467901,221.76056048962437,149.2117283890484,1.6969431652029161e-06,30,5.0908294956087482e-05,0.05,higher
cec2014,10,1000000,30,composition,LSRTDE,MSC-CMA,51,51,2428,0.066512879661668634,480.21293295474788,459.93123760399794,4.5071130582645479e-14,30,1.3521339174793644e-12,0.05,higher
cec2014,10,1000000,1,basic,NLSHADE-RSP,MSC-CMA,51,51,1781.5,0.31507112648981161,0,0,2.5426374301940822e-05,30,0.00076279122905822461,0.05,higher
cec2014,10,1000000,2,basic,NLSHADE-RSP,MSC-CMA,51,51,1300.5,0.5,0,0,1,30,1,0.05,not significant
cec2014,10,1000000,3,basic,NLSHADE-RSP,MSC-CMA,51,51,1300.5,0.5,0,0,1,30,1,0.05,not significant
cec2014,10,1000000,4,basic,NLSHADE-RSP,MSC-CMA,51,51,1351.5,0.48039215686274506,0,0,0.15934909996239133,30,1,0.05,not significant
cec2014,10,1000000,5,basic,NLSHADE-RSP,MSC-CMA,51,51,447,0.82814302191464817,0,19.999990646187598,6.3228965504085105e-09,30,1.8968689651225531e-07,0.05,lower
cec2014,10,1000000,6,basic,NLSHADE-RSP,MSC-CMA,51,51,0,1,0,2.5172917838419835,1.3905886961424435e-20,30,4.1717660884273307e-19,0.05,lower
cec2014,10,1000000,7,basic,NLSHADE-RSP,MSC-CMA,51,51,433.5,0.83333333333333337,0,0.0098572846078468501,4.6842896658008451e-12,30,1.4052868997402535e-10,0.05,lower
cec2014,10,1000000,8,basic,NLSHADE-RSP,MSC-CMA,51,51,1224,0.52941176470588236,0,0,0.082206511039478639,30,1,0.05,not significant
cec2014,10,1000000,9,basic,NLSHADE-RSP,MSC-CMA,51,51,1326,0.49019607843137258,0,0,0.32689257978151776,30,1,0.05,not significant
cec2014,10,1000000,10,basic,NLSHADE-RSP,MSC-CMA,51,51,0,1,0,6.829921375383492,1.3757279328038303e-20,30,4.1271837984114911e-19,0.05,lower
cec2014,10,1000000,11,basic,NLSHADE-RSP,MSC-CMA,51,51,1997.5,0.23202614379084963,3.5398695697695075,0.31227220519303955,3.0266797606864732e-06,30,9.0800392820594193e-05,0.05,higher
cec2014,10,1000000,12,basic,NLSHADE-RSP,MSC-CMA,51,51,342.5,0.86831987697039603,9.0949470177292824e-13,0.030170999605616089,1.0756507362103432e-10,30,3.2269522086310298e-09,0.05,lower
cec2014,10,1000000,13,basic,NLSHADE-RSP,MSC-CMA,51,51,0,1,0.04690547858717764,0.27855549319133388,3.3036815016661564e-18,30,9.9110445049984696e-17,0.05,lower
cec2014,10,1000000,14,basic,NLSHADE-RSP,MSC-CMA,51,51,58,0.97770088427527879,0.053476016388231074,0.20217730990725613,9.3831129234171917e-17,30,2.8149338770251577e-15,0.05,lower
cec2014,10,1000000,15,basic,NLSHADE-RSP,MSC-CMA,51,51,78,0.97001153402537488,0.37278110278839449,0.96854443942470425,2.8742673433994466e-16,30,8.6228020301983394e-15,0.05,lower
cec2014,10,1000000,16,basic,NLSHADE-RSP,MSC-CMA,51,51,0,1,0.57868752195031448,3.0284282855843685,3.2278892266625449e-18,30,9.6836676799876351e-17,0.05,lower
cec2014,10,1000000,17,hybrid,NLSHADE-RSP,MSC-CMA,51,51,1715,0.34063821607074207,0.41628596929444939,0.20814298464551939,0.0043058784090955777,30,0.12917635227286733,0.05,not significant
cec2014,10,1000000,18,hybrid,NLSHADE-RSP,MSC-CMA,51,51,7,0.99730872741253362,0.0085516649298824632,0.47622475087041494,4.9869010925086024e-18,30,1.4960703277525807e-16,0.05,lower
cec2014,10,1000000,19,hybrid,NLSHADE-RSP,MSC-CMA,51,51,0,1,0.019431819755027391,1.5197992219650587,1.7068981387860112e-18,30,5.1206944163580334e-17,0.05,lower
cec2014,10,1000000,20,hybrid,NLSHADE-RSP,MSC-CMA,51,51,0,1,0.0012437762989065959,0.83689434583811817,3.3036815016661564e-18,30,9.9110445049984696e-17,0.05,lower
cec2014,10,1000000,21,hybrid,NLSHADE-RSP,MSC-CMA,51,51,0,1,0.0015342767514994193,0.82527351238604751,3.3036815016661564e-18,30,9.9110445049984696e-17,0.05,lower
cec2014,10,1000000,22,hybrid,NLSHADE-RSP,MSC-CMA,51,51,0,1,0.0036106309321439767,1.1274902462441787,3.3036815016661564e-18,30,9.9110445049984696e-17,0.05,lower
cec2014,10,1000000,23,composition,NLSHADE-RSP,MSC-CMA,51,51,1184,0.54479046520569008,0,100.00000000021691,0.43054598397784594,30,1,0.05,not significant
cec2014,10,1000000,24,composition,NLSHADE-RSP,MSC-CMA,51,51,1573,0.39523260284505957,105.14042007316357,100.00000000000409,0.067242485340487712,30,1,0.05,not significant
cec2014,10,1000000,25,composition,NLSHADE-RSP,MSC-CMA,51,51,1214.5,0.53306420607458671,108.44100549011227,100.00000000000591,0.56521131531245894,30,1,0.05,not significant
cec2014,10,1000000,26,composition,NLSHADE-RSP,MSC-CMA,51,51,874,0.66397539407920037,100.04809497912584,100.10930474885345,0.0043569179359012958,30,0.13070753807703889,0.05,not significant
cec2014,10,1000000,27,composition,NLSHADE-RSP,MSC-CMA,51,51,926,0.64398308342945021,1.3701823084056741,1.6018805095045536,0.012312030450884474,30,0.36936091352653422,0.05,not significant
cec2014,10,1000000,28,composition,NLSHADE-RSP,MSC-CMA,51,51,2022,0.22260668973471742,356.82687929708663,100.11508154950252,1.3853051893838236e-06,30,4.155915568151471e-05,0.05,higher
cec2014,10,1000000,29,composition,NLSHADE-RSP,MSC-CMA,51,51,927,0.643598615916955,139.26443302418375,149.2117283890484,0.012546816972333463,30,0.3764045091700039,0.05,not significant
cec2014,10,1000000,30,composition,NLSHADE-RSP,MSC-CMA,51,51,2025,0.22145328719723179,463.79796805075466,459.93123760399794,1.2628041611680263e-06,30,3.7884124835040788e-05,0.05,higher
cec2014,10,1000000,1,basic,j2020,MSC-CMA,51,51,2551.5,0.019031141868512069,4.2632564145606011e-14,0,7.5705804201712631e-19,30,2.2711741260513788e-17,0.05,higher
cec2014,10,1000000,2,basic,j2020,MSC-CMA,51,51,1555.5,0.40196078431372551,0,0,0.00094351698152610696,30,0.028305509445783208,0.05,higher
cec2014,10,1000000,3,basic,j2020,MSC-CMA,51,51,1479,0.43137254901960786,0,0,0.0065206794929128075,30,0.19562038478738422,0.05,not significant
cec2014,10,1000000,4,basic,j2020,MSC-CMA,51,51,2550,0.019607843137254943,1.1368683772161603e-13,0,1.0890350384148228e-19,30,3.2671051152444685e-18,0.05,higher
cec2014,10,1000000,5,basic,j2020,MSC-CMA,51,51,1892,0.2725874663590927,20.0030366772869,19.999990646187598,7.6409887539181018e-05,30,0.0022922966261754306,0.05,higher
cec2014,10,1000000,6,basic,j2020,MSC-CMA,51,51,7,0.99730872741253362,0,2.5172917838419835,6.5353064579255182e-19,30,1.9605919373776555e-17,0.05,lower
cec2014,10,1000000,7,basic,j2020,MSC-CMA,51,51,734.5,0.71760861207227988,1.1368683772161603e-13,0.0098572846078468501,8.5578613885647678e-05,30,0.0025673584165694305,0.05,lower
cec2014,10,1000000,8,basic,j2020,MSC-CMA,51,51,1224,0.52941176470588236,0,0,0.082206511039478639,30,1,0.05,not significant
cec2014,10,1000000,9,basic,j2020,MSC-CMA,51,51,2193,0.15686274509803921,1.1368683772161603e-13,0,6.274682313788417e-13,30,1.882404694136525e-11,0.05,higher
cec2014,10,1000000,10,basic,j2020,MSC-CMA,51,51,0,1,0,6.829921375383492,1.9672476759972739e-20,30,5.9017430279918223e-19,0.05,lower
cec2014,10,1000000,11,basic,j2020,MSC-CMA,51,51,1543.5,0.40657439446366783,0.31227220519485854,0.31227220519303955,0.10421464132989304,30,1,0.05,not significant
cec2014,10,1000000,12,basic,j2020,MSC-CMA,51,51,1315,0.4944252210688197,0.035841407901671118,0.030170999605616089,0.92534913629300353,30,1,0.05,not significant
cec2014,10,1000000,13,basic,j2020,MSC-CMA,51,51,16,0.99384851980007693,0.088421377425902392,0.27855549319133388,8.4406347935300773e-18,30,2.5321904380590231e-16,0.05,lower
cec2014,10,1000000,14,basic,j2020,MSC-CMA,51,51,40,0.98462129950019228,0.042391738672222345,0.20217730990725613,3.3745875654981136e-17,30,1.0123762696494341e-15,0.05,lower
cec2014,10,1000000,15,basic,j2020,MSC-CMA,51,51,193,0.92579777008842756,0.48801828979480888,0.96854443942470425,1.2742136931489692e-13,30,3.8226410794469074e-12,0.05,lower
cec2014,10,1000000,16,basic,j2020,MSC-CMA,51,51,0,1,0.38140493063542635,3.0284282855843685,3.3036815016661564e-18,30,9.9110445049984696e-17,0.05,lower
cec2014,10,1000000,17,hybrid,j2020,MSC-CMA,51,51,1620.5,0.37697039600153792,0.20814298464597414,0.20814298464551939,0.029424700878947281,30,0.88274102636841845,0.05,not significant
cec2014,10,1000000,18,hybrid,j2020,MSC-CMA,51,51,158,0.93925413302575933,0.035546336111110577,0.47622475087041494,2.120996618291862e-14,30,6.3629898548755857e-13,0.05,lower
cec2014,10,1000000,19,hybrid,j2020,MSC-CMA,51,51,0,1,2.2737367544323206e-13,1.5197992219650587,1.1351996516417357e-18,30,3.4055989549252071e-17,0.05,lower
cec2014,10,1000000,20,hybrid,j2020,MSC-CMA,51,51,3,0.99884659746251436,0.0099341105337771296,0.83689434583811817,3.9423573447196093e-18,30,1.1827072034158828e-16,0.05,lower
cec2014,10,1000000,21,hybrid,j2020,MSC-CMA,51,51,5,0.99807766243752405,0.0043116347164868785,0.82527351238604751,4.4343686629429155e-18,30,1.3303105988828746e-16,0.05,lower
cec2014,10,1000000,22,hybrid,j2020,MSC-CMA,51,51,119,0.95424836601307195,0.02960890773056235,1.1274902462441787,2.699036757627427e-15,30,8.0971102728822808e-14,0.05,lower
cec2014,10,1000000,23,composition,j2020,MSC-CMA,51,51,2550,0.019607843137254943,329.45747471071309,100.00000000021691,5.6043655429475149e-19,30,1.6813096628842545e-17,0.05,higher
cec2014,10,1000000,24,composition,j2020,MSC-CMA,51,51,1420,0.45405613225682429,100.04369681208073,100.00000000000409,0.42461563478252795,30,1,0.05,not significant
cec2014,10,1000000,25,composition,j2020,MSC-CMA,51,51,262.5,0.89907727797001158,100.00000000000091,100.00000000000591,2.4686044181486911e-12,30,7.405813254446073e-11,0.05,lower
cec2014,10,1000000,26,composition,j2020,MSC-CMA,51,51,1157,0.55517108804306037,100.09020295328673,100.10930474885345,0.33853841013675512,30,1,0.05,not significant
cec2014,10,1000000,27,composition,j2020,MSC-CMA,51,51,1758,0.32410611303344872,1.9637087831924873,1.6018805095045536,0.0022239815257209376,30,0.066719445771628125,0.05,not significant
cec2014,10,1000000,28,composition,j2020,MSC-CMA,51,51,2447,0.059207996924259931,368.85025079546631,100.11508154950252,1.7217841248879512e-14,30,5.165352374663853e-13,0.05,higher
cec2014,10,1000000,29,composition,j2020,MSC-CMA,51,51,1499,0.42368319876970395,164.68268376004062,149.2117283890484,0.18511939782586684,30,1,0.05,not significant
cec2014,10,1000000,30,composition,j2020,MSC-CMA,51,51,1199,0.53902345251826222,415.28908949641664,459.93123760399794,0.49906385656573882,30,1,0.05,not significant
cec2014,10,1000000,1,basic,jSO,MSC-CMA,51,51,1198.5,0.53921568627450989,0,0,0.043338945608060793,30,1,0.05,not significant
cec2014,10,1000000,2,basic,jSO,MSC-CMA,51,51,1300.5,0.5,0,0,1,30,1,0.05,not significant
cec2014,10,1000000,3,basic,jSO,MSC-CMA,51,51,1300.5,0.5,0,0,1,30,1,0.05,not significant
cec2014,10,1000000,4,basic,jSO,MSC-CMA,51,51,2116.5,0.18627450980392157,34.780274874720646,0,1.1151919868934135e-11,30,3.3455759606802404e-10,0.05,higher
cec2014,10,1000000,5,basic,jSO,MSC-CMA,51,51,199,0.9234909650134564,0,19.999990646187598,4.2944499038531831e-14,30,1.2883349711559548e-12,0.05,lower
cec2014,10,1000000,6,basic,jSO,MSC-CMA,51,51,0,1,0,2.5172917838419835,1.3905886961424435e-20,30,4.1717660884273307e-19,0.05,lower
cec2014,10,1000000,7,basic,jSO,MSC-CMA,51,51,433.5,0.83333333333333337,0,0.0098572846078468501,4.6842896658008451e-12,30,1.4052868997402535e-10,0.05,lower
cec2014,10,1000000,8,basic,jSO,MSC-CMA,51,51,1224,0.52941176470588236,0,0,0.082206511039478639,30,1,0.05,not significant
cec2014,10,1000000,9,basic,jSO,MSC-CMA,51,51,2524.5,0.029411764705882359,0.99495905709329691,0,1.6584890730955731e-19,30,4.9754672192867195e-18,0.05,higher
cec2014,10,1000000,10,basic,jSO,MSC-CMA,51,51,0,1,0,6.829921375383492,1.3757279328038303e-20,30,4.1271837984114911e-19,0.05,lower
cec2014,10,1000000,11,basic,jSO,MSC-CMA,51,51,2555.5,0.017493271818531331,12.141797384454549,0.31227220519303955,4.3995614417912074e-17,30,1.3198684325373622e-15,0.05,higher
cec2014,10,1000000,12,basic,jSO,MSC-CMA,51,51,686,0.73625528642829674,0.015013448828995024,0.030170999605616089,3.9682191683965674e-05,30,0.0011904657505189702,0.05,lower
cec2014,10,1000000,13,basic,jSO,MSC-CMA,51,51,0,1,0.027191380490421579,0.27855549319133388,3.3036815016661564e-18,30,9.9110445049984696e-17,0.05,lower
cec2014,10,1000000,14,basic,jSO,MSC-CMA,51,51,0,1,0.01815793790024145,0.20217730990725613,3.3036815016661564e-18,30,9.9110445049984696e-17,0.05,lower
cec2014,10,1000000,15,basic,jSO,MSC-CMA,51,51,9,0.9965397923875432,0.26574699962793602,0.96854443942470425,5.6072880249935254e-18,30,1.6821864074980576e-16,0.05,lower
cec2014,10,1000000,16,basic,jSO,MSC-CMA,51,51,0,1,0.42606851829873449,3.0284282855843685,3.2779949086754099e-18,30,9.8339847260262301e-17,0.05,lower
cec2014,10,1000000,17,hybrid,jSO,MSC-CMA,51,51,1399.5,0.46193771626297575,0.20814298464551939,0.20814298464551939,0.4815503937633403,30,1,0.05,not significant
cec2014,10,1000000,18,hybrid,jSO,MSC-CMA,51,51,1,0.99961553248750479,0.0002798891146085225,0.47622475087041494,3.5043165051200882e-18,30,1.0512949515360264e-16,0.05,lower
cec2014,10,1000000,19,hybrid,jSO,MSC-CMA,51,51,0,1,2.2737367544323206e-13,1.5197992219650587,1.6315805454619312e-18,30,4.8947416363857936e-17,0.05,lower
cec2014,10,1000000,20,hybrid,jSO,MSC-CMA,51,51,3,0.99884659746251436,0.029856212903723645,0.83689434583811817,3.9423573447196093e-18,30,1.1827072034158828e-16,0.05,lower
cec2014,10,1000000,21,hybrid,jSO,MSC-CMA,51,51,5,0.99807766243752405,0.00024692371016499237,0.82527351238604751,4.4343686629429155e-18,30,1.3303105988828746e-16,0.05,lower
cec2014,10,1000000,22,hybrid,jSO,MSC-CMA,51,51,0,1,0.020604590054517757,1.1274902462441787,3.3036815016661564e-18,30,9.9110445049984696e-17,0.05,lower
cec2014,10,1000000,23,composition,jSO,MSC-CMA,51,51,2601,0,329.45747471071309,100.00000000021691,1.3901956678272616e-20,30,4.170587003481785e-19,0.05,higher
cec2014,10,1000000,24,composition,jSO,MSC-CMA,51,51,1718.5,0.33929257977700888,105.89649638900937,100.00000000000409,0.005146099785898234,30,0.15438299357694701,0.05,not significant
cec2014,10,1000000,25,composition,jSO,MSC-CMA,51,51,1576,0.39407920030757404,109.96350542377877,100.00000000000591,0.06537975395203531,30,1,0.05,not significant
cec2014,10,1000000,26,composition,jSO,MSC-CMA,51,51,775,0.7020376778162245,100.02588388024105,100.10930474885345,0.00044195925281961178,30,0.013258777584588353,0.05,lower
cec2014,10,1000000,27,composition,jSO,MSC-CMA,51,51,51,0.98039215686274506,0.14421393773727686,1.6018805095045536,6.3149548680310421e-17,30,1.8944864604093127e-15,0.05,lower
cec2014,10,1000000,28,composition,jSO,MSC-CMA,51,51,2373,0.087658592848904315,356.82687929708663,100.11508154950252,2.1437073960682308e-13,30,6.4311221882046927e-12,0.05,higher
cec2014,10,1000000,29,composition,jSO,MSC-CMA,51,51,2197,0.15532487504805848,221.76056048962437,149.2117283890484,5.0439326628811834e-10,30,1.5131797988643549e-08,0.05,higher
cec2014,10,1000000,30,composition,jSO,MSC-CMA,51,51,1630,0.37331795463283357,462.33478046411574,459.93123760399794,0.027644177673035966,30,0.82932533019107901,0.05,not significant
