suite,dimension,budget,scope,position_average,position_min,position_max,position_label,position_interval,tie_size,dense_group,algorithm,rank_sum2,mean_dsc_rank,k,n_functions,omnibus_method,omnibus_statistic,omnibus_p_value,omnibus_message,dsc_status,posthoc_control,posthoc_holm_p
cec2014,10,100000,all,1.0,1,1,1/7,1/7,1,1,jSO,182,3.033333333333333,7,30,friedman,26.46071428571428,0.0001826711054435659,The null hypothesis is rejected.,,,
cec2014,10,100000,all,2.0,2,2,2/7,2/7,1,2,ARRDE,193,3.216666666666667,7,30,friedman,26.46071428571428,0.0001826711054435659,The null hypothesis is rejected.,,,
cec2014,10,100000,all,3.0,3,3,3/7,3/7,1,3,LSRTDE,200,3.3333333333333335,7,30,friedman,26.46071428571428,0.0001826711054435659,The null hypothesis is rejected.,,,
cec2014,10,100000,all,4.0,4,4,4/7,4/7,1,4,NLSHADE-RSP,236,3.933333333333333,7,30,friedman,26.46071428571428,0.0001826711054435659,The null hypothesis is rejected.,,,
cec2014,10,100000,all,5.0,5,5,5/7,5/7,1,5,MSC-CMA,283,4.716666666666667,7,30,friedman,26.46071428571428,0.0001826711054435659,The null hypothesis is rejected.,,,
cec2014,10,100000,all,6.0,6,6,6/7,6/7,1,6,BIPOP-CMA,284,4.733333333333333,7,30,friedman,26.46071428571428,0.0001826711054435659,The null hypothesis is rejected.,,,
cec2014,10,100000,all,7.0,7,7,7/7,7/7,1,7,j2020,302,5.033333333333333,7,30,friedman,26.46071428571428,0.0001826711054435659,The null hypothesis is rejected.,,,
cec2014,10,100000,composition,1.0,1,1,1/7,1/7,1,1,ARRDE,41,2.5625,7,8,friedman,13.111607142857142,0.04129745783103189,The null hypothesis is rejected.,,,
cec2014,10,100000,composition,2.0,2,2,2/7,2/7,1,2,MSC-CMA,42,2.625,7,8,friedman,13.111607142857142,0.04129745783103189,The null hypothesis is rejected.,,,
cec2014,10,100000,composition,3.0,3,3,3/7,3/7,1,3,NLSHADE-RSP,58,3.625,7,8,friedman,13.111607142857142,0.04129745783103189,The null hypothesis is rejected.,,,
cec2014,10,100000,composition,4.0,4,4,4/7,4/7,1,4,jSO,66,4.125,7,8,friedman,13.111607142857142,0.04129745783103189,The null hypothesis is rejected.,,,
cec2014,10,100000,composition,5.0,5,5,5/7,5/7,1,5,LSRTDE,72,4.5,7,8,friedman,13.111607142857142,0.04129745783103189,The null hypothesis is rejected.,,,
cec2014,10,100000,composition,6.0,6,6,6/7,6/7,1,6,BIPOP-CMA,84,5.25,7,8,friedman,13.111607142857142,0.04129745783103189,The null hypothesis is rejected.,,,
cec2014,10,100000,composition,7.0,7,7,7/7,7/7,1,7,j2020,85,5.3125,7,8,friedman,13.111607142857142,0.04129745783103189,The null hypothesis is rejected.,,,
cec2014,10,1000000,all,1.0,1,1,1/7,1/7,1,1,ARRDE,147,2.45,7,30,friedman,27.20714285714284,0.00013242311877936785,The null hypothesis is rejected.,,,
cec2014,10,1000000,all,2.0,2,2,2/7,2/7,1,2,NLSHADE-RSP,214,3.566666666666667,7,30,friedman,27.20714285714284,0.00013242311877936785,The null hypothesis is rejected.,,,
cec2014,10,1000000,all,3.0,3,3,3/7,3/7,1,3,jSO,232,3.8666666666666667,7,30,friedman,27.20714285714284,0.00013242311877936785,The null hypothesis is rejected.,,,
cec2014,10,1000000,all,4.0,4,4,4/7,4/7,1,4,j2020,243,4.05,7,30,friedman,27.20714285714284,0.00013242311877936785,The null hypothesis is rejected.,,,
cec2014,10,1000000,all,5.0,5,5,5/7,5/7,1,5,MSC-CMA,265,4.416666666666667,7,30,friedman,27.20714285714284,0.00013242311877936785,The null hypothesis is rejected.,,,
cec2014,10,1000000,all,6.0,6,6,6/7,6/7,1,6,BIPOP-CMA,277,4.616666666666666,7,30,friedman,27.20714285714284,0.00013242311877936785,The null hypothesis is rejected.,,,
cec2014,10,1000000,all,7.0,7,7,7/7,7/7,1,7,LSRTDE,302,5.033333333333333,7,30,friedman,27.20714285714284,0.00013242311877936785,The null hypothesis is rejected.,,,
cec2014,10,1000000,composition,1.0,1,1,1/7,1/7,1,1,ARRDE,28,1.75,7,8,friedman,25.285714285714285,0.00030226276138733965,The null hypothesis is rejected.,,,
cec2014,10,1000000,composition,2.0,2,2,2/7,2/7,1,2,MSC-CMA,35,2.1875,7,8,friedman,25.285714285714285,0.00030226276138733965,The null hypothesis is rejected.,,,
cec2014,10,1000000,composition,3.0,3,3,3/7,3/7,1,3,NLSHADE-RSP,62,3.875,7,8,friedman,25.285714285714285,0.00030226276138733965,The null hypothesis is rejected.,,,
cec2014,10,1000000,composition,4.0,4,4,4/7,4/7,1,4,j2020,64,4.0,7,8,friedman,25.285714285714285,0.00030226276138733965,The null hypothesis is rejected.,,,
cec2014,10,1000000,composition,5.0,5,5,5/7,5/7,1,5,BIPOP-CMA,77,4.8125,7,8,friedman,25.285714285714285,0.00030226276138733965,The null hypothesis is rejected.,,,
cec2014,10,1000000,composition,6.0,6,6,6/7,6/7,1,6,jSO,89,5.5625,7,8,friedman,25.285714285714285,0.00030226276138733965,The null hypothesis is rejected.,,,
cec2014,10,1000000,composition,7.0,7,7,7/7,7/7,1,7,LSRTDE,93,5.8125,7,8,friedman,25.285714285714285,0.00030226276138733965,The null hypothesis is rejected.,,,
cec2014,30,300000,all,1.0,1,1,1/7,1/7,1,1,LSRTDE,152,2.533333333333333,7,30,friedman,60.421428571428585,3.695532768688281e-11,The null hypothesis is rejected.,,,
cec2014,30,300000,all,2.0,2,2,2/7,2/7,1,2,jSO,168,2.8,7,30,friedman,60.421428571428585,3.695532768688281e-11,The null hypothesis is rejected.,,,
cec2014,30,300000,all,3.0,3,3,3/7,3/7,1,3,ARRDE,185,3.0833333333333335,7,30,friedman,60.421428571428585,3.695532768688281e-11,The null hypothesis is rejected.,,,
cec2014,30,300000,all,4.0,4,4,4/7,4/7,1,4,BIPOP-CMA,233,3.8833333333333333,7,30,friedman,60.421428571428585,3.695532768688281e-11,The null hypothesis is rejected.,,,
cec2014,30,300000,all,5.0,5,5,5/7,5/7,1,5,MSC-CMA,288,4.8,7,30,friedman,60.421428571428585,3.695532768688281e-11,The null hypothesis is rejected.,,,
cec2014,30,300000,all,6.0,6,6,6/7,6/7,1,6,NLSHADE-RSP,313,5.216666666666667,7,30,friedman,60.421428571428585,3.695532768688281e-11,The null hypothesis is rejected.,,,
cec2014,30,300000,all,7.0,7,7,7/7,7/7,1,7,j2020,341,5.683333333333334,7,30,friedman,60.421428571428585,3.695532768688281e-11,The null hypothesis is rejected.,,,
cec2014,30,300000,composition,1.0,1,1,1/7,1/7,1,1,LSRTDE,29,1.8125,7,8,friedman,25.660714285714285,0.00025748269806680213,The null hypothesis is rejected.,,,
cec2014,30,300000,composition,2.0,2,2,2/7,2/7,1,2,jSO,46,2.875,7,8,friedman,25.660714285714285,0.00025748269806680213,The null hypothesis is rejected.,,,
cec2014,30,300000,composition,3.0,3,3,3/7,3/7,1,3,ARRDE,49,3.0625,7,8,friedman,25.660714285714285,0.00025748269806680213,The null hypothesis is rejected.,,,
cec2014,30,300000,composition,4.5,4,5,4.5/7,4-5/7 (tie),2,4,BIPOP-CMA,66,4.125,7,8,friedman,25.660714285714285,0.00025748269806680213,The null hypothesis is rejected.,,,
cec2014,30,300000,composition,4.5,4,5,4.5/7,4-5/7 (tie),2,4,MSC-CMA,66,4.125,7,8,friedman,25.660714285714285,0.00025748269806680213,The null hypothesis is rejected.,,,
cec2014,30,300000,composition,6.0,6,6,6/7,6/7,1,5,NLSHADE-RSP,95,5.9375,7,8,friedman,25.660714285714285,0.00025748269806680213,The null hypothesis is rejected.,,,
cec2014,30,300000,composition,7.0,7,7,7/7,7/7,1,6,j2020,97,6.0625,7,8,friedman,25.660714285714285,0.00025748269806680213,The null hypothesis is rejected.,,,
cec2014,30,1000000,all,1.0,1,1,1/7,1/7,1,1,LSRTDE,164,2.7333333333333334,7,30,friedman,58.88214285714278,7.590383876987516e-11,The null hypothesis is rejected.,,,
cec2014,30,1000000,all,2.0,2,2,2/7,2/7,1,2,jSO,177,2.95,7,30,friedman,58.88214285714278,7.590383876987516e-11,The null hypothesis is rejected.,,,
cec2014,30,1000000,all,3.0,3,3,3/7,3/7,1,3,ARRDE,181,3.0166666666666666,7,30,friedman,58.88214285714278,7.590383876987516e-11,The null hypothesis is rejected.,,,
cec2014,30,1000000,all,4.0,4,4,4/7,4/7,1,4,BIPOP-CMA,216,3.6,7,30,friedman,58.88214285714278,7.590383876987516e-11,The null hypothesis is rejected.,,,
cec2014,30,1000000,all,5.0,5,5,5/7,5/7,1,5,MSC-CMA,276,4.6,7,30,friedman,58.88214285714278,7.590383876987516e-11,The null hypothesis is rejected.,,,
cec2014,30,1000000,all,6.0,6,6,6/7,6/7,1,6,NLSHADE-RSP,316,5.266666666666667,7,30,friedman,58.88214285714278,7.590383876987516e-11,The null hypothesis is rejected.,,,
cec2014,30,1000000,all,7.0,7,7,7/7,7/7,1,7,j2020,350,5.833333333333333,7,30,friedman,58.88214285714278,7.590383876987516e-11,The null hypothesis is rejected.,,,
cec2014,30,1000000,composition,1.0,1,1,1/7,1/7,1,1,LSRTDE,38,2.375,7,8,friedman,22.004464285714285,0.0012086198904378564,The null hypothesis is rejected.,,,
cec2014,30,1000000,composition,2.0,2,2,2/7,2/7,1,2,ARRDE,47,2.9375,7,8,friedman,22.004464285714285,0.0012086198904378564,The null hypothesis is rejected.,,,
cec2014,30,1000000,composition,3.5,3,4,3.5/7,3-4/7 (tie),2,3,BIPOP-CMA,54,3.375,7,8,friedman,22.004464285714285,0.0012086198904378564,The null hypothesis is rejected.,,,
cec2014,30,1000000,composition,3.5,3,4,3.5/7,3-4/7 (tie),2,3,jSO,54,3.375,7,8,friedman,22.004464285714285,0.0012086198904378564,The null hypothesis is rejected.,,,
cec2014,30,1000000,composition,5.0,5,5,5/7,5/7,1,4,MSC-CMA,62,3.875,7,8,friedman,22.004464285714285,0.0012086198904378564,The null hypothesis is rejected.,,,
cec2014,30,1000000,composition,6.0,6,6,6/7,6/7,1,5,NLSHADE-RSP,95,5.9375,7,8,friedman,22.004464285714285,0.0012086198904378564,The null hypothesis is rejected.,,,
cec2014,30,1000000,composition,7.0,7,7,7/7,7/7,1,6,j2020,98,6.125,7,8,friedman,22.004464285714285,0.0012086198904378564,The null hypothesis is rejected.,,,
cec2017,10,100000,all,1.0,1,1,1/7,1/7,1,1,ARRDE,203,3.5,7,29,friedman,5.933497536945886,0.43068087587949355,The null hypothesis is not rejected.,O,,
cec2017,10,100000,all,2.0,2,2,2/7,2/7,1,2,jSO,215,3.706896551724138,7,29,friedman,5.933497536945886,0.43068087587949355,The null hypothesis is not rejected.,O,,
cec2017,10,100000,all,3.0,3,3,3/7,3/7,1,3,NLSHADE-RSP,218,3.7586206896551726,7,29,friedman,5.933497536945886,0.43068087587949355,The null hypothesis is not rejected.,O,,
cec2017,10,100000,all,4.0,4,4,4/7,4/7,1,4,LSRTDE,225,3.8793103448275863,7,29,friedman,5.933497536945886,0.43068087587949355,The null hypothesis is not rejected.,O,,
cec2017,10,100000,all,5.0,5,5,5/7,5/7,1,5,MSC-CMA,244,4.206896551724138,7,29,friedman,5.933497536945886,0.43068087587949355,The null hypothesis is not rejected.,O,,
cec2017,10,100000,all,6.0,6,6,6/7,6/7,1,6,BIPOP-CMA,250,4.310344827586207,7,29,friedman,5.933497536945886,0.43068087587949355,The null hypothesis is not rejected.,O,,
cec2017,10,100000,all,7.0,7,7,7/7,7/7,1,7,j2020,269,4.637931034482759,7,29,friedman,5.933497536945886,0.43068087587949355,The null hypothesis is not rejected.,O,,
cec2017,10,100000,composition,1.0,1,1,1/7,1/7,1,1,MSC-CMA,39,1.95,7,10,friedman,28.971428571428593,6.15990417986989e-05,The null hypothesis is rejected.,★,MSC-CMA,
cec2017,10,100000,composition,2.0,2,2,2/7,2/7,1,2,ARRDE,56,2.8,7,10,friedman,28.971428571428593,6.15990417986989e-05,The null hypothesis is rejected.,★,MSC-CMA,0.3006229881969068
cec2017,10,100000,composition,3.0,3,3,3/7,3/7,1,3,NLSHADE-RSP,59,2.95,7,10,friedman,28.971428571428593,6.15990417986989e-05,The null hypothesis is rejected.,★,MSC-CMA,0.3006229881969068
cec2017,10,100000,composition,4.0,4,4,4/7,4/7,1,4,j2020,84,4.2,7,10,friedman,28.971428571428593,6.15990417986989e-05,The null hypothesis is rejected.,★,MSC-CMA,0.029790882214076983
cec2017,10,100000,composition,5.0,5,5,5/7,5/7,1,5,BIPOP-CMA,90,4.5,7,10,friedman,28.971428571428593,6.15990417986989e-05,The null hypothesis is rejected.,★,MSC-CMA,0.01660564719593575
cec2017,10,100000,composition,6.0,6,6,6/7,6/7,1,6,jSO,115,5.75,7,10,friedman,28.971428571428593,6.15990417986989e-05,The null hypothesis is rejected.,★,MSC-CMA,0.00020940465954145523
cec2017,10,100000,composition,7.0,7,7,7/7,7/7,1,7,LSRTDE,117,5.85,7,10,friedman,28.971428571428593,6.15990417986989e-05,The null hypothesis is rejected.,★,MSC-CMA,0.00016249783310966838
cec2017,10,1000000,all,1.0,1,1,1/7,1/7,1,1,NLSHADE-RSP,168,2.896551724137931,7,29,friedman,27.753694581280776,0.00010454697635864374,The null hypothesis is rejected.,,,
cec2017,10,1000000,all,2.0,2,2,2/7,2/7,1,2,ARRDE,172,2.9655172413793105,7,29,friedman,27.753694581280776,0.00010454697635864374,The null hypothesis is rejected.,,,
cec2017,10,1000000,all,3.0,3,3,3/7,3/7,1,3,j2020,215,3.706896551724138,7,29,friedman,27.753694581280776,0.00010454697635864374,The null hypothesis is rejected.,,,
cec2017,10,1000000,all,4.5,4,5,4.5/7,4-5/7 (tie),2,4,MSC-CMA,251,4.327586206896552,7,29,friedman,27.753694581280776,0.00010454697635864374,The null hypothesis is rejected.,,,
cec2017,10,1000000,all,4.5,4,5,4.5/7,4-5/7 (tie),2,4,jSO,251,4.327586206896552,7,29,friedman,27.753694581280776,0.00010454697635864374,The null hypothesis is rejected.,,,
cec2017,10,1000000,all,6.0,6,6,6/7,6/7,1,5,BIPOP-CMA,261,4.5,7,29,friedman,27.753694581280776,0.00010454697635864374,The null hypothesis is rejected.,,,
cec2017,10,1000000,all,7.0,7,7,7/7,7/7,1,6,LSRTDE,306,5.275862068965517,7,29,friedman,27.753694581280776,0.00010454697635864374,The null hypothesis is rejected.,,,
cec2017,10,1000000,composition,1.0,1,1,1/7,1/7,1,1,MSC-CMA,46,2.3,7,10,friedman,27.23571428571427,0.00013079914752478494,The null hypothesis is rejected.,,,
cec2017,10,1000000,composition,2.0,2,2,2/7,2/7,1,2,NLSHADE-RSP,55,2.75,7,10,friedman,27.23571428571427,0.00013079914752478494,The null hypothesis is rejected.,,,
cec2017,10,1000000,composition,3.0,3,3,3/7,3/7,1,3,ARRDE,58,2.9,7,10,friedman,27.23571428571427,0.00013079914752478494,The null hypothesis is rejected.,,,
cec2017,10,1000000,composition,4.0,4,4,4/7,4/7,1,4,j2020,80,4.0,7,10,friedman,27.23571428571427,0.00013079914752478494,The null hypothesis is rejected.,,,
cec2017,10,1000000,composition,5.0,5,5,5/7,5/7,1,5,BIPOP-CMA,93,4.65,7,10,friedman,27.23571428571427,0.00013079914752478494,The null hypothesis is rejected.,,,
cec2017,10,1000000,composition,6.0,6,6,6/7,6/7,1,6,jSO,101,5.05,7,10,friedman,27.23571428571427,0.00013079914752478494,The null hypothesis is rejected.,,,
cec2017,10,1000000,composition,7.0,7,7,7/7,7/7,1,7,LSRTDE,127,6.35,7,10,friedman,27.23571428571427,0.00013079914752478494,The null hypothesis is rejected.,,,
cec2017,30,300000,all,1.0,1,1,1/7,1/7,1,1,LSRTDE,117,2.0172413793103448,7,29,friedman,69.87931034482753,4.3287595730134854e-13,The null hypothesis is rejected.,,,
cec2017,30,300000,all,2.0,2,2,2/7,2/7,1,2,jSO,168,2.896551724137931,7,29,friedman,69.87931034482753,4.3287595730134854e-13,The null hypothesis is rejected.,,,
cec2017,30,300000,all,3.0,3,3,3/7,3/7,1,3,ARRDE,197,3.396551724137931,7,29,friedman,69.87931034482753,4.3287595730134854e-13,The null hypothesis is rejected.,,,
cec2017,30,300000,all,4.0,4,4,4/7,4/7,1,4,BIPOP-CMA,231,3.9827586206896552,7,29,friedman,69.87931034482753,4.3287595730134854e-13,The null hypothesis is rejected.,,,
cec2017,30,300000,all,5.0,5,5,5/7,5/7,1,5,MSC-CMA,260,4.482758620689655,7,29,friedman,69.87931034482753,4.3287595730134854e-13,The null hypothesis is rejected.,,,
cec2017,30,300000,all,6.0,6,6,6/7,6/7,1,6,NLSHADE-RSP,303,5.224137931034483,7,29,friedman,69.87931034482753,4.3287595730134854e-13,The null hypothesis is rejected.,,,
cec2017,30,300000,all,7.0,7,7,7/7,7/7,1,7,j2020,348,6.0,7,29,friedman,69.87931034482753,4.3287595730134854e-13,The null hypothesis is rejected.,,,
cec2017,30,300000,composition,1.0,1,1,1/7,1/7,1,1,LSRTDE,43,2.15,7,10,friedman,24.546428571428567,0.00041418187795660977,The null hypothesis is rejected.,,,
cec2017,30,300000,composition,2.0,2,2,2/7,2/7,1,2,jSO,57,2.85,7,10,friedman,24.546428571428567,0.00041418187795660977,The null hypothesis is rejected.,,,
cec2017,30,300000,composition,3.0,3,3,3/7,3/7,1,3,ARRDE,63,3.15,7,10,friedman,24.546428571428567,0.00041418187795660977,The null hypothesis is rejected.,,,
cec2017,30,300000,composition,4.0,4,4,4/7,4/7,1,4,BIPOP-CMA,88,4.4,7,10,friedman,24.546428571428567,0.00041418187795660977,The null hypothesis is rejected.,,,
cec2017,30,300000,composition,5.0,5,5,5/7,5/7,1,5,MSC-CMA,89,4.45,7,10,friedman,24.546428571428567,0.00041418187795660977,The null hypothesis is rejected.,,,
cec2017,30,300000,composition,6.0,6,6,6/7,6/7,1,6,NLSHADE-RSP,95,4.75,7,10,friedman,24.546428571428567,0.00041418187795660977,The null hypothesis is rejected.,,,
cec2017,30,300000,composition,7.0,7,7,7/7,7/7,1,7,j2020,125,6.25,7,10,friedman,24.546428571428567,0.00041418187795660977,The null hypothesis is rejected.,,,
cec2017,30,1000000,all,1.0,1,1,1/7,1/7,1,1,LSRTDE,125,2.1551724137931036,7,29,friedman,60.694581280788185,3.251998670350531e-11,The null hypothesis is rejected.,,,
cec2017,30,1000000,all,2.0,2,2,2/7,2/7,1,2,ARRDE,186,3.206896551724138,7,29,friedman,60.694581280788185,3.251998670350531e-11,The null hypothesis is rejected.,,,
cec2017,30,1000000,all,3.0,3,3,3/7,3/7,1,3,jSO,209,3.603448275862069,7,29,friedman,60.694581280788185,3.251998670350531e-11,The null hypothesis is rejected.,,,
cec2017,30,1000000,all,4.0,4,4,4/7,4/7,1,4,MSC-CMA,216,3.7241379310344827,7,29,friedman,60.694581280788185,3.251998670350531e-11,The null hypothesis is rejected.,,,
cec2017,30,1000000,all,5.0,5,5,5/7,5/7,1,5,BIPOP-CMA,233,4.017241379310345,7,29,friedman,60.694581280788185,3.251998670350531e-11,The null hypothesis is rejected.,,,
cec2017,30,1000000,all,6.0,6,6,6/7,6/7,1,6,NLSHADE-RSP,316,5.448275862068965,7,29,friedman,60.694581280788185,3.251998670350531e-11,The null hypothesis is rejected.,,,
cec2017,30,1000000,all,7.0,7,7,7/7,7/7,1,7,j2020,339,5.844827586206897,7,29,friedman,60.694581280788185,3.251998670350531e-11,The null hypothesis is rejected.,,,
cec2017,30,1000000,composition,1.0,1,1,1/7,1/7,1,1,LSRTDE,58,2.9,7,10,friedman,13.692857142857143,0.033261766370630386,The null hypothesis is rejected.,,,
cec2017,30,1000000,composition,2.0,2,2,2/7,2/7,1,2,ARRDE,59,2.95,7,10,friedman,13.692857142857143,0.033261766370630386,The null hypothesis is rejected.,,,
cec2017,30,1000000,composition,3.0,3,3,3/7,3/7,1,3,MSC-CMA,67,3.35,7,10,friedman,13.692857142857143,0.033261766370630386,The null hypothesis is rejected.,,,
cec2017,30,1000000,composition,4.0,4,4,4/7,4/7,1,4,jSO,82,4.1,7,10,friedman,13.692857142857143,0.033261766370630386,The null hypothesis is rejected.,,,
cec2017,30,1000000,composition,5.5,5,6,5.5/7,5-6/7 (tie),2,5,BIPOP-CMA,89,4.45,7,10,friedman,13.692857142857143,0.033261766370630386,The null hypothesis is rejected.,,,
cec2017,30,1000000,composition,5.5,5,6,5.5/7,5-6/7 (tie),2,5,NLSHADE-RSP,89,4.45,7,10,friedman,13.692857142857143,0.033261766370630386,The null hypothesis is rejected.,,,
cec2017,30,1000000,composition,7.0,7,7,7/7,7/7,1,6,j2020,116,5.8,7,10,friedman,13.692857142857143,0.033261766370630386,The null hypothesis is rejected.,,,
cec2020,5,50000,all,1.0,1,1,1/7,1/7,1,1,NLSHADE-RSP,42,2.1,7,10,friedman,23.27142857142857,0.0007104846633527728,The null hypothesis is rejected.,≈,NLSHADE-RSP,
cec2020,5,50000,all,2.0,2,2,2/7,2/7,1,2,ARRDE,59,2.95,7,10,friedman,23.27142857142857,0.0007104846633527728,The null hypothesis is rejected.,≈,NLSHADE-RSP,0.1894747330486391
cec2020,5,50000,all,3.0,3,3,3/7,3/7,1,3,j2020,69,3.45,7,10,friedman,23.27142857142857,0.0007104846633527728,The null hypothesis is rejected.,≈,NLSHADE-RSP,0.162298501325709
cec2020,5,50000,all,4.0,4,4,4/7,4/7,1,4,jSO,80,4.0,7,10,friedman,23.27142857142857,0.0007104846633527728,The null hypothesis is rejected.,≈,NLSHADE-RSP,0.07382898676408685
cec2020,5,50000,all,5.0,5,5,5/7,5/7,1,5,MSC-CMA,83,4.15,7,10,friedman,23.27142857142857,0.0007104846633527728,The null hypothesis is rejected.,≈,NLSHADE-RSP,0.06768360615023468
cec2020,5,50000,all,6.0,6,6,6/7,6/7,1,6,BIPOP-CMA,107,5.35,7,10,friedman,23.27142857142857,0.0007104846633527728,The null hypothesis is rejected.,≈,NLSHADE-RSP,0.001920054292619973
cec2020,5,50000,all,7.0,7,7,7/7,7/7,1,7,LSRTDE,120,6.0,7,10,friedman,23.27142857142857,0.0007104846633527728,The null hypothesis is rejected.,≈,NLSHADE-RSP,0.00016249783310966838
cec2020,5,50000,composition,1.0,1,1,1/7,1/7,1,1,MSC-CMA,12,2.0,7,3,friedman,11.285714285714297,0.07993740596072918,The null hypothesis is not rejected.,O,,
cec2020,5,50000,composition,2.0,2,2,2/7,2/7,1,2,NLSHADE-RSP,14,2.3333333333333335,7,3,friedman,11.285714285714297,0.07993740596072918,The null hypothesis is not rejected.,O,,
cec2020,5,50000,composition,3.0,3,3,3/7,3/7,1,3,ARRDE,17,2.8333333333333335,7,3,friedman,11.285714285714297,0.07993740596072918,The null hypothesis is not rejected.,O,,
cec2020,5,50000,composition,4.0,4,4,4/7,4/7,1,4,j2020,23,3.8333333333333335,7,3,friedman,11.285714285714297,0.07993740596072918,The null hypothesis is not rejected.,O,,
cec2020,5,50000,composition,5.0,5,5,5/7,5/7,1,5,jSO,31,5.166666666666667,7,3,friedman,11.285714285714297,0.07993740596072918,The null hypothesis is not rejected.,O,,
cec2020,5,50000,composition,6.0,6,6,6/7,6/7,1,6,BIPOP-CMA,32,5.333333333333333,7,3,friedman,11.285714285714297,0.07993740596072918,The null hypothesis is not rejected.,O,,
cec2020,5,50000,composition,7.0,7,7,7/7,7/7,1,7,LSRTDE,39,6.5,7,3,friedman,11.285714285714297,0.07993740596072918,The null hypothesis is not rejected.,O,,
cec2020,5,1000000,all,1.0,1,1,1/7,1/7,1,1,j2020,61,3.05,7,10,friedman,15.867857142857146,0.014481081961988163,The null hypothesis is rejected.,,,
cec2020,5,1000000,all,2.5,2,3,2.5/7,2-3/7 (tie),2,2,ARRDE,62,3.1,7,10,friedman,15.867857142857146,0.014481081961988163,The null hypothesis is rejected.,,,
cec2020,5,1000000,all,2.5,2,3,2.5/7,2-3/7 (tie),2,2,NLSHADE-RSP,62,3.1,7,10,friedman,15.867857142857146,0.014481081961988163,The null hypothesis is rejected.,,,
cec2020,5,1000000,all,4.0,4,4,4/7,4/7,1,3,BIPOP-CMA,78,3.9,7,10,friedman,15.867857142857146,0.014481081961988163,The null hypothesis is rejected.,,,
cec2020,5,1000000,all,5.0,5,5,5/7,5/7,1,4,MSC-CMA,86,4.3,7,10,friedman,15.867857142857146,0.014481081961988163,The null hypothesis is rejected.,,,
cec2020,5,1000000,all,6.0,6,6,6/7,6/7,1,5,jSO,88,4.4,7,10,friedman,15.867857142857146,0.014481081961988163,The null hypothesis is rejected.,,,
cec2020,5,1000000,all,7.0,7,7,7/7,7/7,1,6,LSRTDE,123,6.15,7,10,friedman,15.867857142857146,0.014481081961988163,The null hypothesis is rejected.,,,
cec2020,5,1000000,composition,1.0,1,1,1/7,1/7,1,1,MSC-CMA,12,2.0,7,3,friedman,10.678571428571413,0.09883323846067693,The null hypothesis is not rejected.,,,
cec2020,5,1000000,composition,2.0,2,2,2/7,2/7,1,2,ARRDE,16,2.6666666666666665,7,3,friedman,10.678571428571413,0.09883323846067693,The null hypothesis is not rejected.,,,
cec2020,5,1000000,composition,3.0,3,3,3/7,3/7,1,3,j2020,18,3.0,7,3,friedman,10.678571428571413,0.09883323846067693,The null hypothesis is not rejected.,,,
cec2020,5,1000000,composition,4.0,4,4,4/7,4/7,1,4,NLSHADE-RSP,22,3.6666666666666665,7,3,friedman,10.678571428571413,0.09883323846067693,The null hypothesis is not rejected.,,,
cec2020,5,1000000,composition,5.0,5,5,5/7,5/7,1,5,BIPOP-CMA,26,4.333333333333333,7,3,friedman,10.678571428571413,0.09883323846067693,The null hypothesis is not rejected.,,,
cec2020,5,1000000,composition,6.0,6,6,6/7,6/7,1,6,jSO,35,5.833333333333333,7,3,friedman,10.678571428571413,0.09883323846067693,The null hypothesis is not rejected.,,,
cec2020,5,1000000,composition,7.0,7,7,7/7,7/7,1,7,LSRTDE,39,6.5,7,3,friedman,10.678571428571413,0.09883323846067693,The null hypothesis is not rejected.,,,
cec2020,10,1000000,all,1.0,1,1,1/7,1/7,1,1,j2020,53,2.65,7,10,friedman,17.528571428571443,0.007524912818037799,The null hypothesis is rejected.,≈,j2020,
cec2020,10,1000000,all,2.0,2,2,2/7,2/7,1,2,NLSHADE-RSP,64,3.2,7,10,friedman,17.528571428571443,0.007524912818037799,The null hypothesis is rejected.,≈,j2020,0.7030748736693107
cec2020,10,1000000,all,3.0,3,3,3/7,3/7,1,3,MSC-CMA,66,3.3,7,10,friedman,17.528571428571443,0.007524912818037799,The null hypothesis is rejected.,≈,j2020,0.7030748736693107
cec2020,10,1000000,all,4.0,4,4,4/7,4/7,1,4,ARRDE,67,3.35,7,10,friedman,17.528571428571443,0.007524912818037799,The null hypothesis is rejected.,≈,j2020,0.7030748736693107
cec2020,10,1000000,all,5.0,5,5,5/7,5/7,1,5,jSO,91,4.55,7,10,friedman,17.528571428571443,0.007524912818037799,The null hypothesis is rejected.,≈,j2020,0.09843864901878246
cec2020,10,1000000,all,6.0,6,6,6/7,6/7,1,6,BIPOP-CMA,104,5.2,7,10,friedman,17.528571428571443,0.007524912818037799,The null hypothesis is rejected.,≈,j2020,0.02075705899491964
cec2020,10,1000000,all,7.0,7,7,7/7,7/7,1,7,LSRTDE,115,5.75,7,10,friedman,17.528571428571443,0.007524912818037799,The null hypothesis is rejected.,≈,j2020,0.003998637768708325
cec2020,10,1000000,composition,1.0,1,1,1/7,1/7,1,1,MSC-CMA,6,1.0,7,3,friedman,16.32142857142857,0.012128862935231521,The null hypothesis is rejected.,★,MSC-CMA,
cec2020,10,1000000,composition,3.0,2,4,3/7,2-4/7 (tie),3,2,ARRDE,18,3.0,7,3,friedman,16.32142857142857,0.012128862935231521,The null hypothesis is rejected.,★,MSC-CMA,0.38525888693678484
cec2020,10,1000000,composition,3.0,2,4,3/7,2-4/7 (tie),3,2,NLSHADE-RSP,18,3.0,7,3,friedman,16.32142857142857,0.012128862935231521,The null hypothesis is rejected.,★,MSC-CMA,0.38525888693678484
cec2020,10,1000000,composition,3.0,2,4,3/7,2-4/7 (tie),3,2,j2020,18,3.0,7,3,friedman,16.32142857142857,0.012128862935231521,The null hypothesis is rejected.,★,MSC-CMA,0.38525888693678484
cec2020,10,1000000,composition,5.0,5,5,5/7,5/7,1,3,BIPOP-CMA,31,5.166666666666667,7,3,friedman,16.32142857142857,0.012128862935231521,The null hypothesis is rejected.,★,MSC-CMA,0.03632603669575283
cec2020,10,1000000,composition,6.0,6,6,6/7,6/7,1,4,jSO,36,6.0,7,3,friedman,16.32142857142857,0.012128862935231521,The null hypothesis is rejected.,★,MSC-CMA,0.011465980200633736
cec2020,10,1000000,composition,7.0,7,7,7/7,7/7,1,5,LSRTDE,41,6.833333333333333,7,3,friedman,16.32142857142857,0.012128862935231521,The null hypothesis is rejected.,★,MSC-CMA,0.002827117215454855
cec2020,10,20000000,all,1.0,1,1,1/7,1/7,1,1,ARRDE,41,2.05,7,10,friedman,24.90000000000001,0.0003563217827233789,The null hypothesis is rejected.,,,
cec2020,10,20000000,all,2.0,2,2,2/7,2/7,1,2,j2020,53,2.65,7,10,friedman,24.90000000000001,0.0003563217827233789,The null hypothesis is rejected.,,,
cec2020,10,20000000,all,3.0,3,3,3/7,3/7,1,3,NLSHADE-RSP,70,3.5,7,10,friedman,24.90000000000001,0.0003563217827233789,The null hypothesis is rejected.,,,
cec2020,10,20000000,all,4.0,4,4,4/7,4/7,1,4,MSC-CMA,79,3.95,7,10,friedman,24.90000000000001,0.0003563217827233789,The null hypothesis is rejected.,,,
cec2020,10,20000000,all,5.0,5,5,5/7,5/7,1,5,jSO,96,4.8,7,10,friedman,24.90000000000001,0.0003563217827233789,The null hypothesis is rejected.,,,
cec2020,10,20000000,all,6.0,6,6,6/7,6/7,1,6,BIPOP-CMA,101,5.05,7,10,friedman,24.90000000000001,0.0003563217827233789,The null hypothesis is rejected.,,,
cec2020,10,20000000,all,7.0,7,7,7/7,7/7,1,7,LSRTDE,120,6.0,7,10,friedman,24.90000000000001,0.0003563217827233789,The null hypothesis is rejected.,,,
cec2020,10,20000000,composition,1.0,1,1,1/7,1/7,1,1,MSC-CMA,10,1.6666666666666667,7,3,friedman,13.357142857142854,0.03770233395741718,The null hypothesis is rejected.,,,
cec2020,10,20000000,composition,2.0,2,2,2/7,2/7,1,2,ARRDE,12,2.0,7,3,friedman,13.357142857142854,0.03770233395741718,The null hypothesis is rejected.,,,
cec2020,10,20000000,composition,3.0,3,3,3/7,3/7,1,3,j2020,19,3.1666666666666665,7,3,friedman,13.357142857142854,0.03770233395741718,The null hypothesis is rejected.,,,
cec2020,10,20000000,composition,4.0,4,4,4/7,4/7,1,4,NLSHADE-RSP,26,4.333333333333333,7,3,friedman,13.357142857142854,0.03770233395741718,The null hypothesis is rejected.,,,
cec2020,10,20000000,composition,5.0,5,5,5/7,5/7,1,5,BIPOP-CMA,27,4.5,7,3,friedman,13.357142857142854,0.03770233395741718,The null hypothesis is rejected.,,,
cec2020,10,20000000,composition,6.0,6,6,6/7,6/7,1,6,jSO,33,5.5,7,3,friedman,13.357142857142854,0.03770233395741718,The null hypothesis is rejected.,,,
cec2020,10,20000000,composition,7.0,7,7,7/7,7/7,1,7,LSRTDE,41,6.833333333333333,7,3,friedman,13.357142857142854,0.03770233395741718,The null hypothesis is rejected.,,,
cec2020,15,3000000,all,1.0,1,1,1/7,1/7,1,1,ARRDE,60,3.0,7,10,friedman,11.196428571428559,0.08249200323648875,The null hypothesis is not rejected.,O,,
cec2020,15,3000000,all,2.0,2,2,2/7,2/7,1,2,NLSHADE-RSP,68,3.4,7,10,friedman,11.196428571428559,0.08249200323648875,The null hypothesis is not rejected.,O,,
cec2020,15,3000000,all,3.0,3,3,3/7,3/7,1,3,MSC-CMA,69,3.45,7,10,friedman,11.196428571428559,0.08249200323648875,The null hypothesis is not rejected.,O,,
cec2020,15,3000000,all,4.0,4,4,4/7,4/7,1,4,j2020,75,3.75,7,10,friedman,11.196428571428559,0.08249200323648875,The null hypothesis is not rejected.,O,,
cec2020,15,3000000,all,5.0,5,5,5/7,5/7,1,5,BIPOP-CMA,76,3.8,7,10,friedman,11.196428571428559,0.08249200323648875,The null hypothesis is not rejected.,O,,
cec2020,15,3000000,all,6.0,6,6,6/7,6/7,1,6,jSO,102,5.1,7,10,friedman,11.196428571428559,0.08249200323648875,The null hypothesis is not rejected.,O,,
cec2020,15,3000000,all,7.0,7,7,7/7,7/7,1,7,LSRTDE,110,5.5,7,10,friedman,11.196428571428559,0.08249200323648875,The null hypothesis is not rejected.,O,,
cec2020,15,3000000,composition,1.0,1,1,1/7,1/7,1,1,MSC-CMA,6,1.0,7,3,friedman,14.035714285714274,0.02923974990694289,The null hypothesis is rejected.,★,MSC-CMA,
cec2020,15,3000000,composition,2.0,2,2,2/7,2/7,1,2,ARRDE,18,3.0,7,3,friedman,14.035714285714274,0.02923974990694289,The null hypothesis is rejected.,★,MSC-CMA,0.23456358263946664
cec2020,15,3000000,composition,3.0,3,3,3/7,3/7,1,3,NLSHADE-RSP,20,3.3333333333333335,7,3,friedman,14.035714285714274,0.02923974990694289,The null hypothesis is rejected.,★,MSC-CMA,0.23456358263946664
cec2020,15,3000000,composition,4.0,4,4,4/7,4/7,1,4,j2020,21,3.5,7,3,friedman,14.035714285714274,0.02923974990694289,The null hypothesis is rejected.,★,MSC-CMA,0.23456358263946664
cec2020,15,3000000,composition,5.0,5,5,5/7,5/7,1,5,BIPOP-CMA,27,4.5,7,3,friedman,14.035714285714274,0.02923974990694289,The null hypothesis is rejected.,★,MSC-CMA,0.09444180800715417
cec2020,15,3000000,composition,6.5,6,7,6.5/7,6-7/7 (tie),2,6,LSRTDE,38,6.333333333333333,7,3,friedman,14.035714285714274,0.02923974990694289,The null hypothesis is rejected.,★,MSC-CMA,0.007490726745424656
cec2020,15,3000000,composition,6.5,6,7,6.5/7,6-7/7 (tie),2,6,jSO,38,6.333333333333333,7,3,friedman,14.035714285714274,0.02923974990694289,The null hypothesis is rejected.,★,MSC-CMA,0.007490726745424656
cec2020,20,10000000,all,1.0,1,1,1/7,1/7,1,1,ARRDE,51,2.55,7,10,friedman,10.382142857142854,0.10945441068153938,The null hypothesis is not rejected.,,,
cec2020,20,10000000,all,2.0,2,2,2/7,2/7,1,2,NLSHADE-RSP,66,3.3,7,10,friedman,10.382142857142854,0.10945441068153938,The null hypothesis is not rejected.,,,
cec2020,20,10000000,all,3.0,3,3,3/7,3/7,1,3,j2020,70,3.5,7,10,friedman,10.382142857142854,0.10945441068153938,The null hypothesis is not rejected.,,,
cec2020,20,10000000,all,4.0,4,4,4/7,4/7,1,4,MSC-CMA,85,4.25,7,10,friedman,10.382142857142854,0.10945441068153938,The null hypothesis is not rejected.,,,
cec2020,20,10000000,all,5.0,5,5,5/7,5/7,1,5,LSRTDE,94,4.7,7,10,friedman,10.382142857142854,0.10945441068153938,The null hypothesis is not rejected.,,,
cec2020,20,10000000,all,6.0,6,6,6/7,6/7,1,6,BIPOP-CMA,96,4.8,7,10,friedman,10.382142857142854,0.10945441068153938,The null hypothesis is not rejected.,,,
cec2020,20,10000000,all,7.0,7,7,7/7,7/7,1,7,jSO,98,4.9,7,10,friedman,10.382142857142854,0.10945441068153938,The null hypothesis is not rejected.,,,
cec2020,20,10000000,composition,1.0,1,1,1/7,1/7,1,1,ARRDE,9,1.5,7,3,friedman,13.214285714285726,0.0397565045489241,The null hypothesis is rejected.,,,
cec2020,20,10000000,composition,2.0,2,2,2/7,2/7,1,2,NLSHADE-RSP,15,2.5,7,3,friedman,13.214285714285726,0.0397565045489241,The null hypothesis is rejected.,,,
cec2020,20,10000000,composition,3.0,3,3,3/7,3/7,1,3,MSC-CMA,16,2.6666666666666665,7,3,friedman,13.214285714285726,0.0397565045489241,The null hypothesis is rejected.,,,
cec2020,20,10000000,composition,4.0,4,4,4/7,4/7,1,4,j2020,25,4.166666666666667,7,3,friedman,13.214285714285726,0.0397565045489241,The null hypothesis is rejected.,,,
cec2020,20,10000000,composition,5.0,5,5,5/7,5/7,1,5,BIPOP-CMA,31,5.166666666666667,7,3,friedman,13.214285714285726,0.0397565045489241,The null hypothesis is rejected.,,,
cec2020,20,10000000,composition,6.0,6,6,6/7,6/7,1,6,LSRTDE,32,5.333333333333333,7,3,friedman,13.214285714285726,0.0397565045489241,The null hypothesis is rejected.,,,
cec2020,20,10000000,composition,7.0,7,7,7/7,7/7,1,7,jSO,40,6.666666666666667,7,3,friedman,13.214285714285726,0.0397565045489241,The null hypothesis is rejected.,,,
cec2022,10,200000,all,1.0,1,1,1/7,1/7,1,1,ARRDE,71,2.9583333333333335,7,12,friedman,10.964285714285706,0.08948651699308008,The null hypothesis is not rejected.,,,
cec2022,10,200000,all,2.0,2,2,2/7,2/7,1,2,NLSHADE-RSP,72,3.0,7,12,friedman,10.964285714285706,0.08948651699308008,The null hypothesis is not rejected.,,,
cec2022,10,200000,all,3.0,3,3,3/7,3/7,1,3,j2020,87,3.625,7,12,friedman,10.964285714285706,0.08948651699308008,The null hypothesis is not rejected.,,,
cec2022,10,200000,all,4.0,4,4,4/7,4/7,1,4,jSO,100,4.166666666666667,7,12,friedman,10.964285714285706,0.08948651699308008,The null hypothesis is not rejected.,,,
cec2022,10,200000,all,5.0,5,5,5/7,5/7,1,5,LSRTDE,107,4.458333333333333,7,12,friedman,10.964285714285706,0.08948651699308008,The null hypothesis is not rejected.,,,
cec2022,10,200000,all,6.0,6,6,6/7,6/7,1,6,MSC-CMA,110,4.583333333333333,7,12,friedman,10.964285714285706,0.08948651699308008,The null hypothesis is not rejected.,,,
cec2022,10,200000,all,7.0,7,7,7/7,7/7,1,7,BIPOP-CMA,125,5.208333333333333,7,12,friedman,10.964285714285706,0.08948651699308008,The null hypothesis is not rejected.,,,
cec2022,10,200000,composition,1.0,1,1,1/7,1/7,1,1,NLSHADE-RSP,22,2.75,7,4,friedman,7.955357142857142,0.24139224050770292,The null hypothesis is not rejected.,,,
cec2022,10,200000,composition,2.5,2,3,2.5/7,2-3/7 (tie),2,2,ARRDE,23,2.875,7,4,friedman,7.955357142857142,0.24139224050770292,The null hypothesis is not rejected.,,,
cec2022,10,200000,composition,2.5,2,3,2.5/7,2-3/7 (tie),2,2,j2020,23,2.875,7,4,friedman,7.955357142857142,0.24139224050770292,The null hypothesis is not rejected.,,,
cec2022,10,200000,composition,4.0,4,4,4/7,4/7,1,3,MSC-CMA,29,3.625,7,4,friedman,7.955357142857142,0.24139224050770292,The null hypothesis is not rejected.,,,
cec2022,10,200000,composition,5.0,5,5,5/7,5/7,1,4,BIPOP-CMA,41,5.125,7,4,friedman,7.955357142857142,0.24139224050770292,The null hypothesis is not rejected.,,,
cec2022,10,200000,composition,6.5,6,7,6.5/7,6-7/7 (tie),2,5,LSRTDE,43,5.375,7,4,friedman,7.955357142857142,0.24139224050770292,The null hypothesis is not rejected.,,,
cec2022,10,200000,composition,6.5,6,7,6.5/7,6-7/7 (tie),2,5,jSO,43,5.375,7,4,friedman,7.955357142857142,0.24139224050770292,The null hypothesis is not rejected.,,,
cec2022,10,1000000,all,1.0,1,1,1/7,1/7,1,1,ARRDE,71,2.9583333333333335,7,12,friedman,10.33928571428574,0.11107206089004662,The null hypothesis is not rejected.,,,
cec2022,10,1000000,all,2.0,2,2,2/7,2/7,1,2,NLSHADE-RSP,76,3.1666666666666665,7,12,friedman,10.33928571428574,0.11107206089004662,The null hypothesis is not rejected.,,,
cec2022,10,1000000,all,3.0,3,3,3/7,3/7,1,3,j2020,83,3.4583333333333335,7,12,friedman,10.33928571428574,0.11107206089004662,The null hypothesis is not rejected.,,,
cec2022,10,1000000,all,4.0,4,4,4/7,4/7,1,4,jSO,97,4.041666666666667,7,12,friedman,10.33928571428574,0.11107206089004662,The null hypothesis is not rejected.,,,
cec2022,10,1000000,all,5.0,5,5,5/7,5/7,1,5,MSC-CMA,110,4.583333333333333,7,12,friedman,10.33928571428574,0.11107206089004662,The null hypothesis is not rejected.,,,
cec2022,10,1000000,all,6.0,6,6,6/7,6/7,1,6,BIPOP-CMA,117,4.875,7,12,friedman,10.33928571428574,0.11107206089004662,The null hypothesis is not rejected.,,,
cec2022,10,1000000,all,7.0,7,7,7/7,7/7,1,7,LSRTDE,118,4.916666666666667,7,12,friedman,10.33928571428574,0.11107206089004662,The null hypothesis is not rejected.,,,
cec2022,10,1000000,composition,1.0,1,1,1/7,1/7,1,1,j2020,20,2.5,7,4,friedman,8.464285714285714,0.20602241117692088,The null hypothesis is not rejected.,,,
cec2022,10,1000000,composition,2.0,2,2,2/7,2/7,1,2,ARRDE,21,2.625,7,4,friedman,8.464285714285714,0.20602241117692088,The null hypothesis is not rejected.,,,
cec2022,10,1000000,composition,3.0,3,3,3/7,3/7,1,3,NLSHADE-RSP,24,3.0,7,4,friedman,8.464285714285714,0.20602241117692088,The null hypothesis is not rejected.,,,
cec2022,10,1000000,composition,4.0,4,4,4/7,4/7,1,4,MSC-CMA,33,4.125,7,4,friedman,8.464285714285714,0.20602241117692088,The null hypothesis is not rejected.,,,
cec2022,10,1000000,composition,5.0,5,5,5/7,5/7,1,5,jSO,41,5.125,7,4,friedman,8.464285714285714,0.20602241117692088,The null hypothesis is not rejected.,,,
cec2022,10,1000000,composition,6.0,6,6,6/7,6/7,1,6,LSRTDE,42,5.25,7,4,friedman,8.464285714285714,0.20602241117692088,The null hypothesis is not rejected.,,,
cec2022,10,1000000,composition,7.0,7,7,7/7,7/7,1,7,BIPOP-CMA,43,5.375,7,4,friedman,8.464285714285714,0.20602241117692088,The null hypothesis is not rejected.,,,
cec2022,20,1000000,all,1.0,1,1,1/7,1/7,1,1,LSRTDE,74,3.0833333333333335,7,12,friedman,9.116071428571422,0.1671547591425162,The null hypothesis is not rejected.,,,
cec2022,20,1000000,all,2.0,2,2,2/7,2/7,1,2,ARRDE,82,3.4166666666666665,7,12,friedman,9.116071428571422,0.1671547591425162,The null hypothesis is not rejected.,,,
cec2022,20,1000000,all,3.0,3,3,3/7,3/7,1,3,jSO,87,3.625,7,12,friedman,9.116071428571422,0.1671547591425162,The null hypothesis is not rejected.,,,
cec2022,20,1000000,all,4.0,4,4,4/7,4/7,1,4,MSC-CMA,90,3.75,7,12,friedman,9.116071428571422,0.1671547591425162,The null hypothesis is not rejected.,,,
cec2022,20,1000000,all,5.0,5,5,5/7,5/7,1,5,BIPOP-CMA,98,4.083333333333333,7,12,friedman,9.116071428571422,0.1671547591425162,The null hypothesis is not rejected.,,,
cec2022,20,1000000,all,6.0,6,6,6/7,6/7,1,6,j2020,116,4.833333333333333,7,12,friedman,9.116071428571422,0.1671547591425162,The null hypothesis is not rejected.,,,
cec2022,20,1000000,all,7.0,7,7,7/7,7/7,1,7,NLSHADE-RSP,125,5.208333333333333,7,12,friedman,9.116071428571422,0.1671547591425162,The null hypothesis is not rejected.,,,
cec2022,20,1000000,composition,1.0,1,1,1/7,1/7,1,1,MSC-CMA,25,3.125,7,4,friedman,1.6339285714285714,0.9501072586861202,The null hypothesis is not rejected.,,,
cec2022,20,1000000,composition,2.0,2,2,2/7,2/7,1,2,ARRDE,28,3.5,7,4,friedman,1.6339285714285714,0.9501072586861202,The null hypothesis is not rejected.,,,
cec2022,20,1000000,composition,3.0,3,3,3/7,3/7,1,3,BIPOP-CMA,31,3.875,7,4,friedman,1.6339285714285714,0.9501072586861202,The null hypothesis is not rejected.,,,
cec2022,20,1000000,composition,4.0,4,4,4/7,4/7,1,4,j2020,32,4.0,7,4,friedman,1.6339285714285714,0.9501072586861202,The null hypothesis is not rejected.,,,
cec2022,20,1000000,composition,5.0,5,5,5/7,5/7,1,5,NLSHADE-RSP,34,4.25,7,4,friedman,1.6339285714285714,0.9501072586861202,The null hypothesis is not rejected.,,,
cec2022,20,1000000,composition,6.0,6,6,6/7,6/7,1,6,jSO,36,4.5,7,4,friedman,1.6339285714285714,0.9501072586861202,The null hypothesis is not rejected.,,,
cec2022,20,1000000,composition,7.0,7,7,7/7,7/7,1,7,LSRTDE,38,4.75,7,4,friedman,1.6339285714285714,0.9501072586861202,The null hypothesis is not rejected.,,,
