suite,dimension,budget,comparison_scope,function,function_class,competitor,reference,n_competitor,n_reference,u_competitor,probability_competitor_lower,mean_rank_competitor,mean_rank_msc,median_competitor,median_msc,p_raw,test_family_size,correction,p_holm,alpha,mwu_symbol
cec2014,10,100000,all,1,basic,CMAES-NBC,MSC-CMA,51,51,0,1,26,77,0,0,1.3905886961424435e-20,30,holm-bonferroni,4.0327072188130864e-19,0.05,>
cec2014,10,100000,all,2,basic,CMAES-NBC,MSC-CMA,51,51,102,0.96078431372549022,28,75,0,0,2.4951114593373185e-18,30,holm-bonferroni,6.4872897942770274e-17,0.05,>
cec2014,10,100000,all,3,basic,CMAES-NBC,MSC-CMA,51,51,688.5,0.73529411764705888,39.5,63.5,0,0,3.2510433460501254e-08,30,holm-bonferroni,4.2263563498651632e-07,0.05,>
cec2014,10,100000,all,4,basic,CMAES-NBC,MSC-CMA,51,51,2601,0,77,26,34.780274874720597,0,7.3466269573304314e-21,30,holm-bonferroni,2.2039880871991292e-19,0.05,<
cec2014,10,100000,all,5,basic,CMAES-NBC,MSC-CMA,51,51,1709,0.34294502114571324,59.509803921568626,43.490196078431367,20.3327327548296,19.999999999848228,0.0063162622412368044,30,holm-bonferroni,0.026284186695444363,0.05,<
cec2014,10,100000,all,6,basic,CMAES-NBC,MSC-CMA,51,51,3,0.99884659746251436,26.058823529411764,76.941176470588232,0,3.5627060884156663,1.0975611929894271e-19,30,holm-bonferroni,2.9634152210714532e-18,0.05,>
cec2014,10,100000,all,7,basic,CMAES-NBC,MSC-CMA,51,51,229.5,0.91176470588235292,30.5,72.5,0,0.0098572846078468501,9.4413504478555457e-16,30,holm-bonferroni,1.7938565850925537e-14,0.05,>
cec2014,10,100000,all,8,basic,CMAES-NBC,MSC-CMA,51,51,2089,0.19684736639753941,66.960784313725497,36.03921568627451,3.9798311905541399,1.9899181141865938,9.9875390788589472e-08,30,holm-bonferroni,1.1985046894630738e-06,0.05,<
cec2014,10,100000,all,9,basic,CMAES-NBC,MSC-CMA,51,51,584,0.77547097270280663,37.450980392156865,65.549019607843135,0,0.99495905709329691,1.2582641095355402e-07,30,holm-bonferroni,1.3840905204890941e-06,0.05,>
cec2014,10,100000,all,10,basic,CMAES-NBC,MSC-CMA,51,51,1777,0.31680123029604002,60.843137254901961,42.156862745098039,48.801642490739098,25.772814150715021,0.001443854382840036,30,holm-bonferroni,0.0086631262970402155,0.05,<
cec2014,10,100000,all,11,basic,CMAES-NBC,MSC-CMA,51,51,1321,0.49211841599384853,51.901960784313729,51.098039215686271,11.9544340613375,11.891979620299935,0.89351491673956662,30,holm-bonferroni,0.89896755333666101,0.05,=
cec2014,10,100000,all,12,basic,CMAES-NBC,MSC-CMA,51,51,2601,0,77,26,1.07909805933741,0.033245797464587667,3.3036815016661564e-18,30,holm-bonferroni,8.2592037541653907e-17,0.05,<
cec2014,10,100000,all,13,basic,CMAES-NBC,MSC-CMA,51,51,0,1,26,77,0.029474548492089501,0.38125948453671299,3.3036815016661564e-18,30,holm-bonferroni,8.2592037541653907e-17,0.05,>
cec2014,10,100000,all,14,basic,CMAES-NBC,MSC-CMA,51,51,2570,0.011918492887351029,76.392156862745097,26.607843137254903,0.46394101154942302,0.241933362851114,2.0129124775851485e-17,30,holm-bonferroni,4.227116202928812e-16,0.05,<
cec2014,10,100000,all,15,basic,CMAES-NBC,MSC-CMA,51,51,968,0.62783544790465207,44.980392156862749,58.019607843137258,0.87503812108275303,0.94618901446119708,0.026284735828375944,30,holm-bonferroni,0.078854207485127836,0.05,=
cec2014,10,100000,all,16,basic,CMAES-NBC,MSC-CMA,51,51,0,1,26,77,1.3668875185937801,3.2060587512919483,3.3036815016661564e-18,30,holm-bonferroni,8.2592037541653907e-17,0.05,>
cec2014,10,100000,all,17,hybrid,CMAES-NBC,MSC-CMA,51,51,1414,0.45636293733179545,53.725490196078432,49.274509803921568,11.381098068819901,5.9697493047444823,0.4494837766683305,30,holm-bonferroni,0.89896755333666101,0.05,=
cec2014,10,100000,all,18,hybrid,CMAES-NBC,MSC-CMA,51,51,718,0.72395232602845061,40.078431372549019,62.921568627450981,0.32815133091707999,0.45894903967587197,9.8135681376485434e-05,30,holm-bonferroni,0.00078508545101188348,0.05,>
cec2014,10,100000,all,19,hybrid,CMAES-NBC,MSC-CMA,51,51,256,0.90157631680123029,31.019607843137255,71.980392156862735,0.94506838639313195,1.6454063105700243,2.8045340258353497e-12,30,holm-bonferroni,4.7677078439200946e-11,0.05,>
cec2014,10,100000,all,20,hybrid,CMAES-NBC,MSC-CMA,51,51,384,0.85236447520184544,33.529411764705884,69.470588235294116,0.63166447323078501,1.2849718874979317,8.7592346211435359e-10,30,holm-bonferroni,1.3138851931715304e-08,0.05,>
cec2014,10,100000,all,21,hybrid,CMAES-NBC,MSC-CMA,51,51,449,0.82737408688965786,34.803921568627452,68.196078431372541,0.70706791431166505,1.4266696846566447,1.2301524996191355e-08,30,holm-bonferroni,1.7222134994667897e-07,0.05,>
cec2014,10,100000,all,22,hybrid,CMAES-NBC,MSC-CMA,51,51,1718,0.33948481353325644,59.686274509803923,43.313725490196077,21.9903519887412,20.436836921025588,0.0052568373390888727,30,holm-bonferroni,0.026284186695444363,0.05,<
cec2014,10,100000,all,23,composition,CMAES-NBC,MSC-CMA,51,51,612,0.76470588235294112,38,65,200,300.00000000020373,8.0499739897850729e-07,30,holm-bonferroni,8.0499739897850721e-06,0.05,>
cec2014,10,100000,all,24,composition,CMAES-NBC,MSC-CMA,51,51,1805,0.30603613994617451,61.392156862745097,41.607843137254903,107.87509727621401,106.59501597065992,0.00073489499449564419,30,holm-bonferroni,0.005144264961469509,0.05,<
cec2014,10,100000,all,25,composition,CMAES-NBC,MSC-CMA,51,51,2267,0.12841214917339483,70.450980392156865,32.549019607843135,196.425748934415,116.43221169254275,1.0047545402532682e-10,30,holm-bonferroni,1.6076072644052291e-09,0.05,<
cec2014,10,100000,all,26,composition,CMAES-NBC,MSC-CMA,51,51,51,0.98039215686274506,27,76,100.0273884819,100.19251325086498,6.3149548680310421e-17,30,holm-bonferroni,1.2629909736062085e-15,0.05,>
cec2014,10,100000,all,27,composition,CMAES-NBC,MSC-CMA,51,51,2527,0.028450595924644384,75.549019607843135,27.450980392156861,200,2.3682339283668625,5.693089994288196e-18,30,holm-bonferroni,1.2524797987434031e-16,0.05,<
cec2014,10,100000,all,28,composition,CMAES-NBC,MSC-CMA,51,51,612,0.76470588235294112,38,65,200,372.12153116836953,8.548727727699867e-07,30,holm-bonferroni,8.0499739897850721e-06,0.05,>
cec2014,10,100000,all,29,composition,CMAES-NBC,MSC-CMA,51,51,255,0.90196078431372551,31,72,200,224.30014824747741,7.6260059657795557e-14,30,holm-bonferroni,1.37268107384032e-12,0.05,>
cec2014,10,100000,all,30,composition,CMAES-NBC,MSC-CMA,51,51,0,1,26,77,200,472.57521579918148,1.3905886961424435e-20,30,holm-bonferroni,4.0327072188130864e-19,0.05,>
cec2014,10,100000,composition,23,composition,CMAES-NBC,MSC-CMA,51,51,612,0.76470588235294112,38,65,200,300.00000000020373,8.0499739897850729e-07,8,holm-bonferroni,2.4149921969355219e-06,0.05,>
cec2014,10,100000,composition,24,composition,CMAES-NBC,MSC-CMA,51,51,1805,0.30603613994617451,61.392156862745097,41.607843137254903,107.87509727621401,106.59501597065992,0.00073489499449564419,8,holm-bonferroni,0.00073489499449564419,0.05,<
cec2014,10,100000,composition,25,composition,CMAES-NBC,MSC-CMA,51,51,2267,0.12841214917339483,70.450980392156865,32.549019607843135,196.425748934415,116.43221169254275,1.0047545402532682e-10,8,holm-bonferroni,4.0190181610130728e-10,0.05,<
cec2014,10,100000,composition,26,composition,CMAES-NBC,MSC-CMA,51,51,51,0.98039215686274506,27,76,100.0273884819,100.19251325086498,6.3149548680310421e-17,8,holm-bonferroni,3.788972920818625e-16,0.05,>
cec2014,10,100000,composition,27,composition,CMAES-NBC,MSC-CMA,51,51,2527,0.028450595924644384,75.549019607843135,27.450980392156861,200,2.3682339283668625,5.693089994288196e-18,8,holm-bonferroni,3.9851629960017373e-17,0.05,<
cec2014,10,100000,composition,28,composition,CMAES-NBC,MSC-CMA,51,51,612,0.76470588235294112,38,65,200,372.12153116836953,8.548727727699867e-07,8,holm-bonferroni,2.4149921969355219e-06,0.05,>
cec2014,10,100000,composition,29,composition,CMAES-NBC,MSC-CMA,51,51,255,0.90196078431372551,31,72,200,224.30014824747741,7.6260059657795557e-14,8,holm-bonferroni,3.8130029828897778e-13,0.05,>
cec2014,10,100000,composition,30,composition,CMAES-NBC,MSC-CMA,51,51,0,1,26,77,200,472.57521579918148,1.3905886961424435e-20,8,holm-bonferroni,1.1124709569139548e-19,0.05,>
cec2014,30,300000,all,1,basic,CMAES-NBC,MSC-CMA,51,51,0,1,26,77,0,2.758016053410401,1.3905886961424435e-20,30,holm-bonferroni,3.7636894147611422e-19,0.05,>
cec2014,30,300000,all,2,basic,CMAES-NBC,MSC-CMA,51,51,0,1,26,77,0,0,1.3905886961424435e-20,30,holm-bonferroni,3.7636894147611422e-19,0.05,>
cec2014,30,300000,all,3,basic,CMAES-NBC,MSC-CMA,51,51,0,1,26,77,0,1.7843598811850825e-05,1.3905886961424435e-20,30,holm-bonferroni,3.7636894147611422e-19,0.05,>
cec2014,30,300000,all,4,basic,CMAES-NBC,MSC-CMA,51,51,0,1,26,77,0,0.0029367258013621722,1.3441747909861222e-20,30,holm-bonferroni,3.7636894147611422e-19,0.05,>
cec2014,30,300000,all,5,basic,CMAES-NBC,MSC-CMA,51,51,1543,0.40676662821991538,56.254901960784309,46.745098039215691,20.918451075332001,20.888511781485363,0.10531066858334939,30,holm-bonferroni,0.10531066858334939,0.05,=
cec2014,30,300000,all,6,basic,CMAES-NBC,MSC-CMA,51,51,32,0.98769703960015376,26.627450980392158,76.372549019607845,0,4.1900463167622775,1.6943572501202496e-18,30,holm-bonferroni,3.0498430502164492e-17,0.05,>
cec2014,30,300000,all,7,basic,CMAES-NBC,MSC-CMA,51,51,25.5,0.99019607843137258,26.5,76.5,0,0,9.6187583198098524e-22,30,holm-bonferroni,2.7894399127448569e-20,0.05,>
cec2014,30,300000,all,8,basic,CMAES-NBC,MSC-CMA,51,51,2425,0.06766628219915416,73.549019607843135,29.450980392156865,13.7522232858789,7.9596674189273244,3.3821908635137012e-14,30,holm-bonferroni,2.3665487799298285e-13,0.05,<
cec2014,30,300000,all,9,basic,CMAES-NBC,MSC-CMA,51,51,6,0.99769319492502884,26.117647058823529,76.882352941176464,0,4.9747952854664845,2.5054344898810092e-19,30,holm-bonferroni,4.7603255307739175e-18,0.05,>
cec2014,30,300000,all,10,basic,CMAES-NBC,MSC-CMA,51,51,2451,0.057670126874279082,74.058823529411768,28.941176470588236,714.10028039263705,39.513139706486982,1.3971975970711447e-14,30,holm-bonferroni,1.1177580776569158e-13,0.05,<
cec2014,30,300000,all,11,basic,CMAES-NBC,MSC-CMA,51,51,395,0.84813533256439833,33.745098039215684,69.254901960784309,46.577574543740397,279.91812202778056,1.3876967089405705e-09,30,holm-bonferroni,5.5507868357622822e-09,0.05,>
cec2014,30,300000,all,12,basic,CMAES-NBC,MSC-CMA,51,51,2550,0.019607843137254943,76,27,1.38150030810129,0.029192895157166276,6.3149548680310421e-17,30,holm-bonferroni,6.3149548680310423e-16,0.05,<
cec2014,30,300000,all,13,basic,CMAES-NBC,MSC-CMA,51,51,0,1,26,77,0.079862216723313395,0.27829188593887011,3.3036815016661564e-18,30,holm-bonferroni,5.6162585528324665e-17,0.05,>
cec2014,30,300000,all,14,basic,CMAES-NBC,MSC-CMA,51,51,97,0.96270665128796618,27.901960784313726,75.098039215686271,0.50208216972987396,0.82541352441899107,8.1901169217446734e-16,30,holm-bonferroni,7.3711052295702058e-15,0.05,>
cec2014,30,300000,all,15,basic,CMAES-NBC,MSC-CMA,51,51,859,0.66974240676662822,42.843137254901961,60.156862745098039,2.7078534613554002,3.0454848938982195,0.0031625099443683448,30,holm-bonferroni,0.0063250198887366896,0.05,>
cec2014,30,300000,all,16,basic,CMAES-NBC,MSC-CMA,51,51,0,1,26,77,6.9617339305516497,12.543724877745944,3.3036815016661564e-18,30,holm-bonferroni,5.6162585528324665e-17,0.05,>
cec2014,30,300000,all,17,hybrid,CMAES-NBC,MSC-CMA,51,51,0,1,26,77,24.301123287063099,975.30518530488098,3.3036815016661564e-18,30,holm-bonferroni,5.6162585528324665e-17,0.05,>
cec2014,30,300000,all,18,hybrid,CMAES-NBC,MSC-CMA,51,51,0,1,26,77,0.50046890608677996,34.354555263146267,3.3036815016661564e-18,30,holm-bonferroni,5.6162585528324665e-17,0.05,>
cec2014,30,300000,all,19,hybrid,CMAES-NBC,MSC-CMA,51,51,4,0.99846212995001926,26.078431372549019,76.921568627450981,2.3341271350363999,7.1484499898901959,4.1812246147484963e-18,30,holm-bonferroni,5.6162585528324665e-17,0.05,>
cec2014,30,300000,all,20,hybrid,CMAES-NBC,MSC-CMA,51,51,0,1,26,77,1.2777040094676999,110.39098861207367,3.3036815016661564e-18,30,holm-bonferroni,5.6162585528324665e-17,0.05,>
cec2014,30,300000,all,21,hybrid,CMAES-NBC,MSC-CMA,51,51,0,1,26,77,1.8473986867502401,642.51190343099142,3.3036815016661564e-18,30,holm-bonferroni,5.6162585528324665e-17,0.05,>
cec2014,30,300000,all,22,hybrid,CMAES-NBC,MSC-CMA,51,51,2316,0.10957324106113031,71.411764705882348,31.588235294117645,143.811320387579,25.076940900808495,1.0975080780071057e-11,30,holm-bonferroni,5.4875403900355282e-11,0.05,<
cec2014,30,300000,all,23,composition,CMAES-NBC,MSC-CMA,51,51,0,1,26,77,200,315.24410218556568,1.5538428930779813e-23,30,holm-bonferroni,4.6615286792339439e-22,0.05,>
cec2014,30,300000,all,24,composition,CMAES-NBC,MSC-CMA,51,51,816,0.68627450980392157,42,61,200,200.00730954931169,0.00053447764766718475,30,holm-bonferroni,0.0016034329430015541,0.05,>
cec2014,30,300000,all,25,composition,CMAES-NBC,MSC-CMA,51,51,0,1,26,77,200,202.91843469453215,1.3905886961424435e-20,30,holm-bonferroni,3.7636894147611422e-19,0.05,>
cec2014,30,300000,all,26,composition,CMAES-NBC,MSC-CMA,51,51,167,0.93579392541330253,29.274509803921568,73.725490196078425,100.118823311325,100.32248353750947,3.3807839713283267e-14,30,holm-bonferroni,2.3665487799298285e-13,0.05,>
cec2014,30,300000,all,27,composition,CMAES-NBC,MSC-CMA,51,51,0,1,26,77,200,347.79609530682728,1.3905886961424435e-20,30,holm-bonferroni,3.7636894147611422e-19,0.05,>
cec2014,30,300000,all,28,composition,CMAES-NBC,MSC-CMA,51,51,0,1,26,77,200,779.35568126672024,1.3905886961424435e-20,30,holm-bonferroni,3.7636894147611422e-19,0.05,>
cec2014,30,300000,all,29,composition,CMAES-NBC,MSC-CMA,51,51,0,1,26,77,200,1112.8344739193062,1.3905886961424435e-20,30,holm-bonferroni,3.7636894147611422e-19,0.05,>
cec2014,30,300000,all,30,composition,CMAES-NBC,MSC-CMA,51,51,0,1,26,77,200,1271.6868858291928,1.3905886961424435e-20,30,holm-bonferroni,3.7636894147611422e-19,0.05,>
cec2014,30,300000,composition,23,composition,CMAES-NBC,MSC-CMA,51,51,0,1,26,77,200,315.24410218556568,1.5538428930779813e-23,8,holm-bonferroni,1.2430743144623851e-22,0.05,>
cec2014,30,300000,composition,24,composition,CMAES-NBC,MSC-CMA,51,51,816,0.68627450980392157,42,61,200,200.00730954931169,0.00053447764766718475,8,holm-bonferroni,0.00053447764766718475,0.05,>
cec2014,30,300000,composition,25,composition,CMAES-NBC,MSC-CMA,51,51,0,1,26,77,200,202.91843469453215,1.3905886961424435e-20,8,holm-bonferroni,9.7341208729971051e-20,0.05,>
cec2014,30,300000,composition,26,composition,CMAES-NBC,MSC-CMA,51,51,167,0.93579392541330253,29.274509803921568,73.725490196078425,100.118823311325,100.32248353750947,3.3807839713283267e-14,8,holm-bonferroni,6.7615679426566533e-14,0.05,>
cec2014,30,300000,composition,27,composition,CMAES-NBC,MSC-CMA,51,51,0,1,26,77,200,347.79609530682728,1.3905886961424435e-20,8,holm-bonferroni,9.7341208729971051e-20,0.05,>
cec2014,30,300000,composition,28,composition,CMAES-NBC,MSC-CMA,51,51,0,1,26,77,200,779.35568126672024,1.3905886961424435e-20,8,holm-bonferroni,9.7341208729971051e-20,0.05,>
cec2014,30,300000,composition,29,composition,CMAES-NBC,MSC-CMA,51,51,0,1,26,77,200,1112.8344739193062,1.3905886961424435e-20,8,holm-bonferroni,9.7341208729971051e-20,0.05,>
cec2014,30,300000,composition,30,composition,CMAES-NBC,MSC-CMA,51,51,0,1,26,77,200,1271.6868858291928,1.3905886961424435e-20,8,holm-bonferroni,9.7341208729971051e-20,0.05,>
cec2017,10,100000,all,1,basic,CMAES-NBC,MSC-CMA,51,51,25.5,0.99019607843137258,26.5,76.5,0,2.3741932864140836e-08,5.2901810024806998e-20,29,holm-bonferroni,1.481250680694596e-18,0.05,>
cec2017,10,100000,all,3,basic,CMAES-NBC,MSC-CMA,51,51,867,0.66666666666666674,43,60,0,0,7.147198956769631e-06,29,holm-bonferroni,5.7177591654157048e-05,0.05,>
cec2017,10,100000,all,4,basic,CMAES-NBC,MSC-CMA,51,51,586.5,0.77450980392156865,37.5,65.5,0,0,1.0856724010907245e-09,29,holm-bonferroni,1.4113741214179418e-08,0.05,>
cec2017,10,100000,all,5,basic,CMAES-NBC,MSC-CMA,51,51,279,0.89273356401384085,31.470588235294116,71.529411764705884,0,1.9899181141865938,1.0393915575082859e-12,29,holm-bonferroni,1.5590873362624288e-11,0.05,>
cec2017,10,100000,all,6,basic,CMAES-NBC,MSC-CMA,51,51,0,1,26,77,0,0.0054526571231008347,1.3905886961424435e-20,29,holm-bonferroni,4.0327072188130864e-19,0.05,>
cec2017,10,100000,all,7,basic,CMAES-NBC,MSC-CMA,51,51,1208,0.53556324490580542,49.686274509803923,53.313725490196077,10.9205898446367,11.255435098558905,0.53806644937039794,29,holm-bonferroni,0.53806644937039794,0.05,=
cec2017,10,100000,all,8,basic,CMAES-NBC,MSC-CMA,51,51,625.5,0.75951557093425603,38.264705882352942,64.735294117647058,0,0.99495905709329691,1.8561135144491023e-07,29,holm-bonferroni,1.670502163004192e-06,0.05,>
cec2017,10,100000,all,9,basic,CMAES-NBC,MSC-CMA,51,51,637.5,0.75490196078431371,38.5,64.5,0,0,6.8625401544398181e-09,29,holm-bonferroni,7.5487941698838e-08,0.05,>
cec2017,10,100000,all,10,basic,CMAES-NBC,MSC-CMA,51,51,1082,0.58400615148019996,47.215686274509807,55.784313725490193,10.432245386192299,18.534537672567239,0.14455548827051479,29,holm-bonferroni,0.28911097654102957,0.05,=
cec2017,10,100000,all,11,hybrid,CMAES-NBC,MSC-CMA,51,51,255,0.90196078431372551,31,72,0,0,2.8708585534047459e-15,29,holm-bonferroni,5.4546312514690171e-14,0.05,>
cec2017,10,100000,all,12,hybrid,CMAES-NBC,MSC-CMA,51,51,644,0.75240292195309499,38.627450980392155,64.372549019607845,0.62442895393655795,129.6114397674753,1.1288879669767006e-05,29,holm-bonferroni,7.9022157688369039e-05,0.05,>
cec2017,10,100000,all,13,hybrid,CMAES-NBC,MSC-CMA,51,51,382,0.85313341022683586,33.490196078431374,69.509803921568619,5.2041345517200197,6.525558370929275,7.3528271785019077e-10,29,holm-bonferroni,1.0293958049902671e-08,0.05,>
cec2017,10,100000,all,14,hybrid,CMAES-NBC,MSC-CMA,51,51,147,0.94348327566320644,28.882352941176471,74.117647058823536,1.4459831163549099e-06,0.99572440905853909,1.1938808840205819e-14,29,holm-bonferroni,1.9102094144329311e-13,0.05,>
cec2017,10,100000,all,15,hybrid,CMAES-NBC,MSC-CMA,51,51,60,0.97693194925028837,27.176470588235293,75.823529411764696,0.49992385578320903,1.6389835030211088,1.0502928145368285e-16,29,holm-bonferroni,2.1005856290736569e-15,0.05,>
cec2017,10,100000,all,16,hybrid,CMAES-NBC,MSC-CMA,51,51,411,0.84198385236447515,34.058823529411768,68.941176470588232,1.00069646947304,1.85164876491217,2.6844274014535863e-09,29,holm-bonferroni,3.2213128817443036e-08,0.05,>
cec2017,10,100000,all,17,hybrid,CMAES-NBC,MSC-CMA,51,51,1851,0.28835063437139563,62.294117647058826,40.705882352941174,24.378411914008701,21.36945826367446,0.00023233099493771134,29,holm-bonferroni,0.0011616549746885567,0.05,<
cec2017,10,100000,all,18,hybrid,CMAES-NBC,MSC-CMA,51,51,142,0.9454056132256824,28.784313725490197,74.215686274509807,0.50000000929935595,20.590704395655848,9.1780375982660285e-15,29,holm-bonferroni,1.6520467676878851e-13,0.05,>
cec2017,10,100000,all,19,hybrid,CMAES-NBC,MSC-CMA,51,51,1,0.99961553248750479,26.019607843137255,76.980392156862735,0.037058770737758102,2.4489783865108166,3.5043165051200882e-18,29,holm-bonferroni,8.7607912628002199e-17,0.05,>
cec2017,10,100000,all,20,hybrid,CMAES-NBC,MSC-CMA,51,51,1005,0.61361014994232987,45.705882352941174,57.294117647058826,1.3072348704272401,17.22869822255393,0.048342110827527124,29,holm-bonferroni,0.14502633248258137,0.05,=
cec2017,10,100000,all,21,composition,CMAES-NBC,MSC-CMA,51,51,2557,0.016916570549788568,76.137254901960787,26.862745098039216,201.71317044515999,100.0000000000191,4.2032175637474959e-17,29,holm-bonferroni,8.8267568838697416e-16,0.05,<
cec2017,10,100000,all,22,composition,CMAES-NBC,MSC-CMA,51,51,2457,0.055363321799307919,74.176470588235304,28.823529411764707,100.000000000043,11.396522268506942,1.0068451603808137e-14,29,holm-bonferroni,1.7116367726473832e-13,0.05,<
cec2017,10,100000,all,23,composition,CMAES-NBC,MSC-CMA,51,51,719,0.7235678585159554,40.098039215686271,62.901960784313722,300.000000000022,305.3196661022962,0.00010050696078660037,29,holm-bonferroni,0.00060304176471960222,0.05,>
cec2017,10,100000,all,24,composition,CMAES-NBC,MSC-CMA,51,51,2601,0,77,26,328.58853955313498,100.00000000001637,2.4551093280939396e-18,29,holm-bonferroni,6.6287951858536374e-17,0.05,<
cec2017,10,100000,all,25,composition,CMAES-NBC,MSC-CMA,51,51,2573,0.010765090349865392,76.450980392156865,26.549019607843139,443.32995040107301,100.00738903956926,1.4844750509577828e-17,29,holm-bonferroni,3.4142926172029007e-16,0.05,<
cec2017,10,100000,all,26,composition,CMAES-NBC,MSC-CMA,51,51,2599,0.00076893502499042476,76.960784313725497,26.03921568627451,300.00000000046902,200.00000000014143,3.715365488555683e-18,29,holm-bonferroni,8.9168771725336399e-17,0.05,<
cec2017,10,100000,all,27,composition,CMAES-NBC,MSC-CMA,51,51,2553,0.018454440599769306,76.058823529411768,26.941176470588236,394.229791757952,389.70567982845569,1.9421336052798169e-17,29,holm-bonferroni,4.2726939316155971e-16,0.05,<
cec2017,10,100000,all,28,composition,CMAES-NBC,MSC-CMA,51,51,2601,0,77,26,577.48312570478095,300.00000000000682,3.0638402448152454e-18,29,holm-bonferroni,7.9659846365196384e-17,0.05,<
cec2017,10,100000,all,29,composition,CMAES-NBC,MSC-CMA,51,51,1641,0.36908881199538635,58.176470588235297,44.82352941176471,234.09180582717499,232.24487492695289,0.022874724586539833,29,holm-bonferroni,0.091498898346159332,0.05,=
cec2017,10,100000,all,30,composition,CMAES-NBC,MSC-CMA,51,51,449,0.82737408688965786,34.803921568627452,68.196078431372541,394.53594170698301,413.34032146369509,1.2301524996191355e-08,29,holm-bonferroni,1.2301524996191356e-07,0.05,>
cec2017,10,100000,composition,21,composition,CMAES-NBC,MSC-CMA,51,51,2557,0.016916570549788568,76.137254901960787,26.862745098039216,201.71317044515999,100.0000000000191,4.2032175637474959e-17,10,holm-bonferroni,2.101608781873748e-16,0.05,<
cec2017,10,100000,composition,22,composition,CMAES-NBC,MSC-CMA,51,51,2457,0.055363321799307919,74.176470588235304,28.823529411764707,100.000000000043,11.396522268506942,1.0068451603808137e-14,10,holm-bonferroni,4.0273806415232549e-14,0.05,<
cec2017,10,100000,composition,23,composition,CMAES-NBC,MSC-CMA,51,51,719,0.7235678585159554,40.098039215686271,62.901960784313722,300.000000000022,305.3196661022962,0.00010050696078660037,10,holm-bonferroni,0.00020101392157320075,0.05,>
cec2017,10,100000,composition,24,composition,CMAES-NBC,MSC-CMA,51,51,2601,0,77,26,328.58853955313498,100.00000000001637,2.4551093280939396e-18,10,holm-bonferroni,2.4551093280939395e-17,0.05,<
cec2017,10,100000,composition,25,composition,CMAES-NBC,MSC-CMA,51,51,2573,0.010765090349865392,76.450980392156865,26.549019607843139,443.32995040107301,100.00738903956926,1.4844750509577828e-17,10,holm-bonferroni,1.0391325356704479e-16,0.05,<
cec2017,10,100000,composition,26,composition,CMAES-NBC,MSC-CMA,51,51,2599,0.00076893502499042476,76.960784313725497,26.03921568627451,300.00000000046902,200.00000000014143,3.715365488555683e-18,10,holm-bonferroni,2.9722923908445464e-17,0.05,<
cec2017,10,100000,composition,27,composition,CMAES-NBC,MSC-CMA,51,51,2553,0.018454440599769306,76.058823529411768,26.941176470588236,394.229791757952,389.70567982845569,1.9421336052798169e-17,10,holm-bonferroni,1.1652801631678901e-16,0.05,<
cec2017,10,100000,composition,28,composition,CMAES-NBC,MSC-CMA,51,51,2601,0,77,26,577.48312570478095,300.00000000000682,3.0638402448152454e-18,10,holm-bonferroni,2.757456220333721e-17,0.05,<
cec2017,10,100000,composition,29,composition,CMAES-NBC,MSC-CMA,51,51,1641,0.36908881199538635,58.176470588235297,44.82352941176471,234.09180582717499,232.24487492695289,0.022874724586539833,10,holm-bonferroni,0.022874724586539833,0.05,<
cec2017,10,100000,composition,30,composition,CMAES-NBC,MSC-CMA,51,51,449,0.82737408688965786,34.803921568627452,68.196078431372541,394.53594170698301,413.34032146369509,1.2301524996191355e-08,10,holm-bonferroni,3.6904574988574067e-08,0.05,>
cec2017,30,300000,all,1,basic,CMAES-NBC,MSC-CMA,51,51,0,1,26,77,0,0,1.3905886961424435e-20,29,holm-bonferroni,3.893648349198842e-19,0.05,>
cec2017,30,300000,all,3,basic,CMAES-NBC,MSC-CMA,51,51,51,0.98039215686274506,27,76,0,0,1.0049175609134329e-21,29,holm-bonferroni,2.9142609266489552e-20,0.05,>
cec2017,30,300000,all,4,basic,CMAES-NBC,MSC-CMA,51,51,153,0.94117647058823528,29,74,58.561557302385197,58.56163983257062,2.2692944197083967e-16,29,holm-bonferroni,2.7231533036500763e-15,0.05,>
cec2017,30,300000,all,5,basic,CMAES-NBC,MSC-CMA,51,51,42,0.98385236447520186,26.823529411764707,76.176470588235304,0,3.9798362283731876,1.8867184914970092e-18,29,holm-bonferroni,4.5281243795928225e-17,0.05,>
cec2017,30,300000,all,6,basic,CMAES-NBC,MSC-CMA,51,51,0,1,26,77,0,0.074380444144935609,1.3905886961424435e-20,29,holm-bonferroni,3.893648349198842e-19,0.05,>
cec2017,30,300000,all,7,basic,CMAES-NBC,MSC-CMA,51,51,2091,0.19607843137254899,67,36,32.581977343406699,7.0614322061916255,1.2417648881801276e-07,29,holm-bonferroni,7.4505893290807657e-07,0.05,<
cec2017,30,300000,all,8,basic,CMAES-NBC,MSC-CMA,51,51,4,0.99846212995001926,26.078431372549019,76.921568627450981,0,3.9798362283733013,2.293129068354988e-19,29,holm-bonferroni,5.7328226708874695e-18,0.05,>
cec2017,30,300000,all,9,basic,CMAES-NBC,MSC-CMA,51,51,25.5,0.99019607843137258,26.5,76.5,0,0.45432401859090987,4.9982796826130203e-20,29,holm-bonferroni,1.2995527174793854e-18,0.05,>
cec2017,30,300000,all,10,basic,CMAES-NBC,MSC-CMA,51,51,1025,0.60592079969242607,46.098039215686271,56.901960784313729,208.25612917222301,299.144092331504,0.065695668246354158,29,holm-bonferroni,0.065695668246354158,0.05,=
cec2017,30,300000,all,11,hybrid,CMAES-NBC,MSC-CMA,51,51,192,0.92618223760092278,29.764705882352942,73.235294117647058,0,33.853901606017871,2.9796740420186726e-14,29,holm-bonferroni,2.9796740420186729e-13,0.05,>
cec2017,30,300000,all,12,hybrid,CMAES-NBC,MSC-CMA,51,51,849,0.67358708189158012,42.647058823529413,60.352941176470587,823.20524170820102,1095.3934486233293,0.0025410401789246295,29,holm-bonferroni,0.0074564363237483609,0.05,>
cec2017,30,300000,all,13,hybrid,CMAES-NBC,MSC-CMA,51,51,0,1,26,77,14.323649651349999,871.21622217886352,3.3029654153868941e-18,29,holm-bonferroni,7.2457426024972095e-17,0.05,>
cec2017,30,300000,all,14,hybrid,CMAES-NBC,MSC-CMA,51,51,0,1,26,77,20.106105817734498,97.678384579398653,3.3036815016661564e-18,29,holm-bonferroni,7.2457426024972095e-17,0.05,>
cec2017,30,300000,all,15,hybrid,CMAES-NBC,MSC-CMA,51,51,0,1,26,77,0.50000000001341505,297.72047450417858,3.221589913096581e-18,29,holm-bonferroni,7.2457426024972095e-17,0.05,>
cec2017,30,300000,all,16,hybrid,CMAES-NBC,MSC-CMA,51,51,51,0.98039215686274506,27,76,13.7712778921571,23.070730255955141,6.3149548680310421e-17,29,holm-bonferroni,8.9319293631595142e-16,0.05,>
cec2017,30,300000,all,17,hybrid,CMAES-NBC,MSC-CMA,51,51,548,0.78931180315263361,36.745098039215684,66.254901960784309,26.2428567727484,31.079191237389068,4.8307503378897862e-07,29,holm-bonferroni,2.4153751689448931e-06,0.05,>
cec2017,30,300000,all,18,hybrid,CMAES-NBC,MSC-CMA,51,51,0,1,26,77,20.653017993831099,208.84015317138142,3.3036815016661564e-18,29,holm-bonferroni,7.2457426024972095e-17,0.05,>
cec2017,30,300000,all,19,hybrid,CMAES-NBC,MSC-CMA,51,51,0,1,26,77,3.59633811399567,84.344402619092079,3.3036815016661564e-18,29,holm-bonferroni,7.2457426024972095e-17,0.05,>
cec2017,30,300000,all,20,hybrid,CMAES-NBC,MSC-CMA,51,51,1753,0.32602845059592467,60.372549019607845,42.627450980392155,39.4025731092581,26.842105555600938,0.002485478774582787,29,holm-bonferroni,0.0074564363237483609,0.05,<
cec2017,30,300000,all,21,composition,CMAES-NBC,MSC-CMA,51,51,416,0.8400615148019992,34.156862745098039,68.843137254901961,203.98927224446601,207.10901121374673,3.2493296519322942e-09,29,holm-bonferroni,2.2745307563526058e-08,0.05,>
cec2017,30,300000,all,22,composition,CMAES-NBC,MSC-CMA,51,51,2551,0.019223375624759731,76.019607843137265,26.980392156862745,100.00000000102,100.00000000007094,5.9546195754396764e-17,29,holm-bonferroni,8.9319293631595142e-16,0.05,<
cec2017,30,300000,all,23,composition,CMAES-NBC,MSC-CMA,51,51,265,0.89811610918877349,31.196078431372548,71.803921568627459,349.64687339449603,359.98999773036076,4.2994460224719171e-12,29,holm-bonferroni,3.4395568179775337e-11,0.05,>
cec2017,30,300000,all,24,composition,CMAES-NBC,MSC-CMA,51,51,2,0.99923106497500958,26.03921568627451,76.960784313725497,422.51887752781198,430.18185323924081,3.705741615803442e-18,29,holm-bonferroni,7.2457426024972095e-17,0.05,>
cec2017,30,300000,all,25,composition,CMAES-NBC,MSC-CMA,51,51,0,1,26,77,386.69284787721,386.9362913464247,3.1503228706509608e-18,29,holm-bonferroni,7.2457426024972095e-17,0.05,>
cec2017,30,300000,all,26,composition,CMAES-NBC,MSC-CMA,51,51,2601,0,77,26,400.00000000574499,200.00000000079854,3.3015336843073518e-18,29,holm-bonferroni,7.2457426024972095e-17,0.05,<
cec2017,30,300000,all,27,composition,CMAES-NBC,MSC-CMA,51,51,1778,0.3164167627835448,60.862745098039213,42.137254901960787,504.88058341692698,502.57875215042804,0.0014106769996831926,29,holm-bonferroni,0.0056427079987327704,0.05,<
cec2017,30,300000,all,28,composition,CMAES-NBC,MSC-CMA,51,51,204,0.92156862745098045,30,73,300.000000000211,300.00002136507555,2.2103608554705924e-13,29,holm-bonferroni,1.989324769923533e-12,0.05,>
cec2017,30,300000,all,29,composition,CMAES-NBC,MSC-CMA,51,51,113,0.95655517108804311,28.215686274509803,74.784313725490193,404.706264275499,449.99016292596161,1.9537928350051552e-15,29,holm-bonferroni,2.1491721185056707e-14,0.05,>
cec2017,30,300000,all,30,composition,CMAES-NBC,MSC-CMA,51,51,51,0.98039215686274506,27,76,1988.8407298966099,2351.1440132934194,6.3149548680310421e-17,29,holm-bonferroni,8.9319293631595142e-16,0.05,>
cec2017,30,300000,composition,21,composition,CMAES-NBC,MSC-CMA,51,51,416,0.8400615148019992,34.156862745098039,68.843137254901961,203.98927224446601,207.10901121374673,3.2493296519322942e-09,10,holm-bonferroni,6.4986593038645884e-09,0.05,>
cec2017,30,300000,composition,22,composition,CMAES-NBC,MSC-CMA,51,51,2551,0.019223375624759731,76.019607843137265,26.980392156862745,100.00000000102,100.00000000007094,5.9546195754396764e-17,10,holm-bonferroni,4.1682337028077736e-16,0.05,<
cec2017,30,300000,composition,23,composition,CMAES-NBC,MSC-CMA,51,51,265,0.89811610918877349,31.196078431372548,71.803921568627459,349.64687339449603,359.98999773036076,4.2994460224719171e-12,10,holm-bonferroni,1.2898338067415752e-11,0.05,>
cec2017,30,300000,composition,24,composition,CMAES-NBC,MSC-CMA,51,51,2,0.99923106497500958,26.03921568627451,76.960784313725497,422.51887752781198,430.18185323924081,3.705741615803442e-18,10,holm-bonferroni,3.150322870650961e-17,0.05,>
cec2017,30,300000,composition,25,composition,CMAES-NBC,MSC-CMA,51,51,0,1,26,77,386.69284787721,386.9362913464247,3.1503228706509608e-18,10,holm-bonferroni,3.150322870650961e-17,0.05,>
cec2017,30,300000,composition,26,composition,CMAES-NBC,MSC-CMA,51,51,2601,0,77,26,400.00000000574499,200.00000000079854,3.3015336843073518e-18,10,holm-bonferroni,3.150322870650961e-17,0.05,<
cec2017,30,300000,composition,27,composition,CMAES-NBC,MSC-CMA,51,51,1778,0.3164167627835448,60.862745098039213,42.137254901960787,504.88058341692698,502.57875215042804,0.0014106769996831926,10,holm-bonferroni,0.0014106769996831926,0.05,<
cec2017,30,300000,composition,28,composition,CMAES-NBC,MSC-CMA,51,51,204,0.92156862745098045,30,73,300.000000000211,300.00002136507555,2.2103608554705924e-13,10,holm-bonferroni,8.8414434218823695e-13,0.05,>
cec2017,30,300000,composition,29,composition,CMAES-NBC,MSC-CMA,51,51,113,0.95655517108804311,28.215686274509803,74.784313725490193,404.706264275499,449.99016292596161,1.9537928350051552e-15,10,holm-bonferroni,9.7689641750257769e-15,0.05,>
cec2017,30,300000,composition,30,composition,CMAES-NBC,MSC-CMA,51,51,51,0.98039215686274506,27,76,1988.8407298966099,2351.1440132934194,6.3149548680310421e-17,10,holm-bonferroni,4.1682337028077736e-16,0.05,>
cec2020,5,50000,all,1,basic,CMAES-NBC,MSC-CMA,51,51,306,0.88235294117647056,32,71,0,0,2.7609917823338085e-14,10,holm-bonferroni,2.2087934258670468e-13,0.05,>
cec2020,5,50000,all,2,basic,CMAES-NBC,MSC-CMA,51,51,1455,0.44059976931949252,54.529411764705884,48.470588235294116,6.9542792048619004,0.49959593893299825,0.30243522867916628,10,holm-bonferroni,0.90730568603749884,0.05,=
cec2020,5,50000,all,3,basic,CMAES-NBC,MSC-CMA,51,51,2060,0.20799692425990002,66.392156862745097,36.607843137254903,5.3515784042531296,3.2741881753769349,3.6136459826403209e-07,10,holm-bonferroni,2.1681875895841923e-06,0.05,<
cec2020,5,50000,all,4,basic,CMAES-NBC,MSC-CMA,51,51,969,0.62745098039215685,45,58,0.28260242660576301,0.360140728029819,0.026730980194768685,10,holm-bonferroni,0.10692392077907474,0.05,=
cec2020,5,50000,all,5,hybrid,CMAES-NBC,MSC-CMA,51,51,1276,0.50941945405613231,51.019607843137251,51.980392156862749,0.054958205319962899,0.045452451643313907,0.86853884332209785,10,holm-bonferroni,1,0.05,=
cec2020,5,50000,all,6,hybrid,CMAES-NBC,MSC-CMA,51,51,645,0.75201845444059978,38.647058823529413,64.35294117647058,6.4436974298587302e-06,0.49651018377676337,1.1666129766684596e-05,10,holm-bonferroni,5.8330648833422976e-05,0.05,>
cec2020,5,50000,all,7,hybrid,CMAES-NBC,MSC-CMA,51,51,1241,0.52287581699346397,50.333333333333329,52.666666666666671,3.2440045742987402e-05,7.8749729254923295e-05,0.69293820418438434,10,holm-bonferroni,1,0.05,=
cec2020,5,50000,all,8,composition,CMAES-NBC,MSC-CMA,51,51,391.5,0.84948096885813151,33.676470588235297,69.323529411764696,0,0,2.5478896967147738e-10,10,holm-bonferroni,1.7835227877003416e-09,0.05,>
cec2020,5,50000,all,9,composition,CMAES-NBC,MSC-CMA,51,51,2601,0,77,26,100.000000000371,0,3.3022494762767633e-18,10,holm-bonferroni,2.9720245286490872e-17,0.05,<
cec2020,5,50000,all,10,composition,CMAES-NBC,MSC-CMA,51,51,2601,0,77,26,347.36691593518799,0,3.8376188730132077e-20,10,holm-bonferroni,3.8376188730132079e-19,0.05,<
cec2020,5,50000,composition,8,composition,CMAES-NBC,MSC-CMA,51,51,391.5,0.84948096885813151,33.676470588235297,69.323529411764696,0,0,2.5478896967147738e-10,3,holm-bonferroni,2.5478896967147738e-10,0.05,>
cec2020,5,50000,composition,9,composition,CMAES-NBC,MSC-CMA,51,51,2601,0,77,26,100.000000000371,0,3.3022494762767633e-18,3,holm-bonferroni,6.6044989525535266e-18,0.05,<
cec2020,5,50000,composition,10,composition,CMAES-NBC,MSC-CMA,51,51,2601,0,77,26,347.36691593518799,0,3.8376188730132077e-20,3,holm-bonferroni,1.1512856619039622e-19,0.05,<
cec2020,10,1000000,all,1,basic,CMAES-NBC,MSC-CMA,51,51,841.5,0.67647058823529416,42.5,60.5,0,0,3.3660026365163414e-06,10,holm-bonferroni,1.0098007909549023e-05,0.05,>
cec2020,10,1000000,all,2,basic,CMAES-NBC,MSC-CMA,51,51,1590,0.38869665513264129,57.17647058823529,45.82352941176471,3.66477845184636,0.43718108727171057,0.053012863814873475,10,holm-bonferroni,0.10602572762974695,0.05,=
cec2020,10,1000000,all,3,basic,CMAES-NBC,MSC-CMA,51,51,2348,0.09727028066128407,72.039215686274503,30.96078431372549,10.3669207724204,5.4336416952810396,8.4018226549713734e-13,10,holm-bonferroni,4.2009113274856867e-12,0.05,<
cec2020,10,1000000,all,4,basic,CMAES-NBC,MSC-CMA,51,51,131,0.94963475586312951,28.568627450980394,74.431372549019613,0.516858867275232,1.0474023547030811,4.976041679168737e-15,10,holm-bonferroni,3.4832291754181159e-14,0.05,>
cec2020,10,1000000,all,5,hybrid,CMAES-NBC,MSC-CMA,51,51,1202,0.5378700499807767,49.568627450980394,53.431372549019606,0.20814298464574699,0.20814298464574676,0.5063231170634408,10,holm-bonferroni,0.5063231170634408,0.05,=
cec2020,10,1000000,all,6,hybrid,CMAES-NBC,MSC-CMA,51,51,143,0.94502114571318718,28.803921568627452,74.196078431372541,0.29962792468768401,0.99765065899464389,9.6745412171139676e-15,10,holm-bonferroni,5.8047247302683809e-14,0.05,>
cec2020,10,1000000,all,7,hybrid,CMAES-NBC,MSC-CMA,51,51,123,0.9527104959630911,28.411764705882351,74.588235294117652,0.37738347478898498,0.82527351238604751,3.3448677754206051e-15,10,holm-bonferroni,2.6758942203364841e-14,0.05,>
cec2020,10,1000000,all,8,composition,CMAES-NBC,MSC-CMA,51,51,2193,0.15686274509803921,69,34,100.00000000003099,0,2.3270841837175757e-09,10,holm-bonferroni,9.3083367348703028e-09,0.05,<
cec2020,10,1000000,all,9,composition,CMAES-NBC,MSC-CMA,51,51,2601,0,77,26,230.603230901214,0,3.3008180394500405e-18,10,holm-bonferroni,2.9707362355050365e-17,0.05,<
cec2020,10,1000000,all,10,composition,CMAES-NBC,MSC-CMA,51,51,2601,0,77,26,398.00898944057701,100.00374698602991,1.3289432557255659e-18,10,holm-bonferroni,1.328943255725566e-17,0.05,<
cec2020,10,1000000,composition,8,composition,CMAES-NBC,MSC-CMA,51,51,2193,0.15686274509803921,69,34,100.00000000003099,0,2.3270841837175757e-09,3,holm-bonferroni,2.3270841837175757e-09,0.05,<
cec2020,10,1000000,composition,9,composition,CMAES-NBC,MSC-CMA,51,51,2601,0,77,26,230.603230901214,0,3.3008180394500405e-18,3,holm-bonferroni,6.601636078900081e-18,0.05,<
cec2020,10,1000000,composition,10,composition,CMAES-NBC,MSC-CMA,51,51,2601,0,77,26,398.00898944057701,100.00374698602991,1.3289432557255659e-18,3,holm-bonferroni,3.9868297671766974e-18,0.05,<
cec2020,15,3000000,all,1,basic,CMAES-NBC,MSC-CMA,51,51,1198.5,0.53921568627450989,49.5,53.5,0,0,0.043338945608060793,10,holm-bonferroni,0.043338945608060793,0.05,>
cec2020,15,3000000,all,2,basic,CMAES-NBC,MSC-CMA,51,51,2219,0.14686658977316414,69.509803921568619,33.490196078431374,43.827041587499501,9.1484397720014385,8.036719623864439e-10,10,holm-bonferroni,4.0183598119322198e-09,0.05,<
cec2020,15,3000000,all,3,basic,CMAES-NBC,MSC-CMA,51,51,2601,0,77,26,15.566976513039,1.1311648438606881,1.9881522354074772e-20,10,holm-bonferroni,1.9881522354074772e-19,0.05,<
cec2020,15,3000000,all,4,basic,CMAES-NBC,MSC-CMA,51,51,207,0.92041522491349481,30.058823529411764,72.941176470588232,0.85987861591797798,1.4308192734158638,2.571340139948867e-13,10,holm-bonferroni,1.5428040839693203e-12,0.05,>
cec2020,15,3000000,all,5,hybrid,CMAES-NBC,MSC-CMA,51,51,675.5,0.7402921953094963,39.245098039215684,63.754901960784316,0.31223509166716201,0.3122350916673895,2.465417894129808e-05,10,holm-bonferroni,4.930835788259616e-05,0.05,>
cec2020,15,3000000,all,6,hybrid,CMAES-NBC,MSC-CMA,51,51,26,0.99000384467512492,26.509803921568626,76.490196078431381,0.66953869831218105,1.940018429987731,1.3918253792702159e-17,10,holm-bonferroni,1.1134603034161727e-16,0.05,>
cec2020,15,3000000,all,7,hybrid,CMAES-NBC,MSC-CMA,51,51,430,0.83467896962706645,34.431372549019606,68.568627450980387,0.70814298127015696,1.0895270060118492,5.6363618975260818e-09,10,holm-bonferroni,1.6909085692578246e-08,0.05,>
cec2020,15,3000000,all,8,composition,CMAES-NBC,MSC-CMA,51,51,2397,0.078431372549019662,73,30,100.000000000002,0,7.535470171187084e-14,10,holm-bonferroni,5.2748291198309588e-13,0.05,<
cec2020,15,3000000,all,9,composition,CMAES-NBC,MSC-CMA,51,51,2601,0,77,26,390.395200355621,100.00000000004229,2.3389058296392638e-18,10,holm-bonferroni,2.1050152466753372e-17,0.05,<
cec2020,15,3000000,all,10,composition,CMAES-NBC,MSC-CMA,51,51,2193,0.15686274509803921,69,34,400.00000000001199,100.00731846890176,2.2122051151848894e-09,10,holm-bonferroni,8.8488204607395574e-09,0.05,<
cec2020,15,3000000,composition,8,composition,CMAES-NBC,MSC-CMA,51,51,2397,0.078431372549019662,73,30,100.000000000002,0,7.535470171187084e-14,3,holm-bonferroni,1.5070940342374168e-13,0.05,<
cec2020,15,3000000,composition,9,composition,CMAES-NBC,MSC-CMA,51,51,2601,0,77,26,390.395200355621,100.00000000004229,2.3389058296392638e-18,3,holm-bonferroni,7.0167174889177913e-18,0.05,<
cec2020,15,3000000,composition,10,composition,CMAES-NBC,MSC-CMA,51,51,2193,0.15686274509803921,69,34,400.00000000001199,100.00731846890176,2.2122051151848894e-09,3,holm-bonferroni,2.2122051151848894e-09,0.05,<
cec2020,20,10000000,all,1,basic,CMAES-NBC,MSC-CMA,51,51,688.5,0.73529411764705888,39.5,63.5,0,0,2.5457342554923859e-08,10,holm-bonferroni,5.0914685109847718e-08,0.05,>
cec2020,20,10000000,all,2,basic,CMAES-NBC,MSC-CMA,51,51,2551,0.019223375624759731,76.019607843137265,26.980392156862745,139.94770853412999,9.5486921414230892,5.8081943604022603e-17,10,holm-bonferroni,3.4849166162413559e-16,0.05,<
cec2020,20,10000000,all,3,basic,CMAES-NBC,MSC-CMA,51,51,2601,0,77,26,20.387215350062402,1.5845387606293571,1.3905886961424435e-20,10,holm-bonferroni,1.3905886961424435e-19,0.05,<
cec2020,20,10000000,all,4,basic,CMAES-NBC,MSC-CMA,51,51,122,0.95309496347558631,28.392156862745097,74.607843137254903,1.05217798037552,1.9718829781511431,3.1704080815529359e-15,10,holm-bonferroni,1.5852040407764681e-14,0.05,>
cec2020,20,10000000,all,5,hybrid,CMAES-NBC,MSC-CMA,51,51,147,0.94348327566320644,28.882352941176471,74.117647058823536,0.208170472780694,1.8304183441100577,5.7595136501097461e-15,10,holm-bonferroni,1.7807146141794613e-14,0.05,>
cec2020,20,10000000,all,6,hybrid,CMAES-NBC,MSC-CMA,51,51,1476,0.43252595155709339,54.941176470588232,48.058823529411768,6.4189027872480402,7.919750001176908,0.24148887666659791,10,holm-bonferroni,0.24148887666659791,0.05,=
cec2020,20,10000000,all,7,hybrid,CMAES-NBC,MSC-CMA,51,51,22,0.99154171472510577,26.431372549019606,76.568627450980387,0.32995560165136301,1.8001949639665327,1.1931366645644846e-17,10,holm-bonferroni,8.3519566519513925e-17,0.05,>
cec2020,20,10000000,all,8,composition,CMAES-NBC,MSC-CMA,51,51,2601,0,77,26,100.000000000006,38.82865744397759,2.2112343030482158e-18,10,holm-bonferroni,1.9901108727433942e-17,0.05,<
cec2020,20,10000000,all,9,composition,CMAES-NBC,MSC-CMA,51,51,2601,0,77,26,398.705047424295,100.00000000004593,3.260975839996054e-18,10,holm-bonferroni,2.6087806719968432e-17,0.05,<
cec2020,20,10000000,all,10,composition,CMAES-NBC,MSC-CMA,51,51,2397,0.078431372549019662,73,30,413.65733976634903,400.84491997975874,4.4517865354486531e-15,10,holm-bonferroni,1.7807146141794613e-14,0.05,<
cec2020,20,10000000,composition,8,composition,CMAES-NBC,MSC-CMA,51,51,2601,0,77,26,100.000000000006,38.82865744397759,2.2112343030482158e-18,3,holm-bonferroni,6.6337029091446474e-18,0.05,<
cec2020,20,10000000,composition,9,composition,CMAES-NBC,MSC-CMA,51,51,2601,0,77,26,398.705047424295,100.00000000004593,3.260975839996054e-18,3,holm-bonferroni,6.6337029091446474e-18,0.05,<
cec2020,20,10000000,composition,10,composition,CMAES-NBC,MSC-CMA,51,51,2397,0.078431372549019662,73,30,413.65733976634903,400.84491997975874,4.4517865354486531e-15,3,holm-bonferroni,4.4517865354486531e-15,0.05,<
cec2022,10,200000,all,1,basic,CMAES-NBC,MSC-CMA,51,51,867,0.66666666666666674,43,60,0,0,7.147198956769631e-06,12,holm-bonferroni,4.288319374061779e-05,0.05,>
cec2022,10,200000,all,2,basic,CMAES-NBC,MSC-CMA,51,51,1220,0.5309496347558631,49.921568627450981,53.078431372549019,0,0,0.49924081569006162,12,holm-bonferroni,0.89096420089617001,0.05,=
cec2022,10,200000,all,3,basic,CMAES-NBC,MSC-CMA,51,51,0,1,26,77,0,0.0037168849278259586,1.3905886961424435e-20,12,holm-bonferroni,1.6672919151250209e-19,0.05,>
cec2022,10,200000,all,4,basic,CMAES-NBC,MSC-CMA,51,51,612,0.76470588235294112,38,65,0,0,2.6611602891927178e-09,12,holm-bonferroni,2.3950442602734459e-08,0.05,>
cec2022,10,200000,all,5,basic,CMAES-NBC,MSC-CMA,51,51,663,0.74509803921568629,39,64,0,0,1.5380085141177387e-08,12,holm-bonferroni,1.2304068112941909e-07,0.05,>
cec2022,10,200000,all,6,hybrid,CMAES-NBC,MSC-CMA,51,51,897,0.65513264129181081,43.588235294117652,59.411764705882355,0.44671502535697999,0.47236996505171192,0.0069933437253637473,12,holm-bonferroni,0.027973374901454989,0.05,>
cec2022,10,200000,all,7,hybrid,CMAES-NBC,MSC-CMA,51,51,1671,0.35755478662053053,58.764705882352942,44.235294117647058,0.62413647413086404,0.62410011040788049,0.013275134049756976,12,holm-bonferroni,0.039825402149270925,0.05,<
cec2022,10,200000,all,8,hybrid,CMAES-NBC,MSC-CMA,51,51,1415,0.45597846981930024,53.745098039215691,49.254901960784309,0.86284883782173005,0.94611383560913964,0.44548210044808501,12,holm-bonferroni,0.89096420089617001,0.05,=
cec2022,10,200000,all,9,composition,CMAES-NBC,MSC-CMA,51,51,561,0.78431372549019607,37,66,229.28438270848699,229.2843827084871,4.6392130375260872e-08,12,holm-bonferroni,3.247449126268261e-07,0.05,>
cec2022,10,200000,all,10,composition,CMAES-NBC,MSC-CMA,51,51,1851,0.28835063437139563,62.294117647058826,40.705882352941174,100.30876657232101,30.176699535088574,0.00023233099493771134,12,holm-bonferroni,0.0011616549746885567,0.05,<
cec2022,10,200000,all,11,composition,CMAES-NBC,MSC-CMA,51,51,0,1,26,77,0,0,1.3894099292708509e-20,12,holm-bonferroni,1.6672919151250209e-19,0.05,>
cec2022,10,200000,all,12,composition,CMAES-NBC,MSC-CMA,51,51,2518,0.031910803537101073,75.372549019607845,27.627450980392158,164.92194156799999,163.1891255617611,1.3514781764686996e-16,12,holm-bonferroni,1.3514781764686996e-15,0.05,<
cec2022,10,200000,composition,9,composition,CMAES-NBC,MSC-CMA,51,51,561,0.78431372549019607,37,66,229.28438270848699,229.2843827084871,4.6392130375260872e-08,4,holm-bonferroni,9.2784260750521744e-08,0.05,>
cec2022,10,200000,composition,10,composition,CMAES-NBC,MSC-CMA,51,51,1851,0.28835063437139563,62.294117647058826,40.705882352941174,100.30876657232101,30.176699535088574,0.00023233099493771134,4,holm-bonferroni,0.00023233099493771134,0.05,<
cec2022,10,200000,composition,11,composition,CMAES-NBC,MSC-CMA,51,51,0,1,26,77,0,0,1.3894099292708509e-20,4,holm-bonferroni,5.5576397170834034e-20,0.05,>
cec2022,10,200000,composition,12,composition,CMAES-NBC,MSC-CMA,51,51,2518,0.031910803537101073,75.372549019607845,27.627450980392158,164.92194156799999,163.1891255617611,1.3514781764686996e-16,4,holm-bonferroni,4.0544345294060988e-16,0.05,<
cec2022,20,1000000,all,1,basic,CMAES-NBC,MSC-CMA,51,51,586.5,0.77450980392156865,37.5,65.5,0,0,6.5084383700789338e-10,12,holm-bonferroni,2.6033753480315735e-09,0.05,>
cec2022,20,1000000,all,2,basic,CMAES-NBC,MSC-CMA,51,51,2601,0,77,26,44.895469322133103,0,4.6249945659930063e-19,12,holm-bonferroni,5.0874940225923068e-18,0.05,<
cec2022,20,1000000,all,3,basic,CMAES-NBC,MSC-CMA,51,51,0,1,26,77,0,0.027154057125699183,1.3905886961424435e-20,12,holm-bonferroni,1.6687064353709324e-19,0.05,>
cec2022,20,1000000,all,4,basic,CMAES-NBC,MSC-CMA,51,51,153,0.94117647058823528,29,74,0,0.99495905709341059,2.4951468606955009e-17,12,holm-bonferroni,1.9961174885564007e-16,0.05,>
cec2022,20,1000000,all,5,basic,CMAES-NBC,MSC-CMA,51,51,484.5,0.81372549019607843,35.5,67.5,0,0.089528250416492483,3.2009082056022217e-11,12,holm-bonferroni,1.6004541028011107e-10,0.05,>
cec2022,20,1000000,all,6,hybrid,CMAES-NBC,MSC-CMA,51,51,1173,0.5490196078431373,49,54,0.5,0.58081117629171786,0.36738113786671933,12,holm-bonferroni,0.73476227573343866,0.05,=
cec2022,20,1000000,all,7,hybrid,CMAES-NBC,MSC-CMA,51,51,1239,0.5236447520184544,50.294117647058826,52.705882352941174,19.998096680179501,19.999414385977843,0.68308636441740789,12,holm-bonferroni,0.73476227573343866,0.05,=
cec2022,20,1000000,all,8,hybrid,CMAES-NBC,MSC-CMA,51,51,1062,0.59169550173010377,46.82352941176471,56.17647058823529,20.648872193242401,20.781165777463684,0.11119062598060196,12,holm-bonferroni,0.33357187794180587,0.05,=
cec2022,20,1000000,all,9,composition,CMAES-NBC,MSC-CMA,51,51,2205,0.15224913494809689,69.235294117647058,33.764705882352942,180.78127167774699,180.78127167774664,1.4670018151351621e-11,12,holm-bonferroni,8.8020108908109722e-11,0.05,<
cec2022,20,1000000,all,10,composition,CMAES-NBC,MSC-CMA,51,51,2563,0.014609765474817404,76.254901960784309,26.745098039215687,100.336923239516,18.597728963794907,3.0094655582329983e-17,12,holm-bonferroni,2.1066258907630988e-16,0.05,<
cec2022,20,1000000,all,11,composition,CMAES-NBC,MSC-CMA,51,51,2601,0,77,26,300.00000000014097,0,3.2936696757663775e-18,12,holm-bonferroni,2.96430270818974e-17,0.05,<
cec2022,20,1000000,all,12,composition,CMAES-NBC,MSC-CMA,51,51,0,1,26,77,231.84804700129101,235.65492041127527,1.014640896418484e-18,12,holm-bonferroni,1.014640896418484e-17,0.05,>
cec2022,20,1000000,composition,9,composition,CMAES-NBC,MSC-CMA,51,51,2205,0.15224913494809689,69.235294117647058,33.764705882352942,180.78127167774699,180.78127167774664,1.4670018151351621e-11,4,holm-bonferroni,1.4670018151351621e-11,0.05,<
cec2022,20,1000000,composition,10,composition,CMAES-NBC,MSC-CMA,51,51,2563,0.014609765474817404,76.254901960784309,26.745098039215687,100.336923239516,18.597728963794907,3.0094655582329983e-17,4,holm-bonferroni,6.0189311164659966e-17,0.05,<
cec2022,20,1000000,composition,11,composition,CMAES-NBC,MSC-CMA,51,51,2601,0,77,26,300.00000000014097,0,3.2936696757663775e-18,4,holm-bonferroni,9.8810090272991328e-18,0.05,<
cec2022,20,1000000,composition,12,composition,CMAES-NBC,MSC-CMA,51,51,0,1,26,77,231.84804700129101,235.65492041127527,1.014640896418484e-18,4,holm-bonferroni,4.0585635856739361e-18,0.05,>
