suite,dimension,budget,comparison_scope,function,function_class,competitor,reference,n_competitor,n_reference,u_competitor,probability_nea2plus_lower,mean_rank_nea2plus,mean_rank_msc,median_nea2plus,median_msc,p_raw,test_family_size,correction,p_holm,alpha,mwu_symbol
cec2017,10,100000,all,1,basic,NEA2PLUS-PY,MSC-CMA,51,51,150,0.94232987312572092,28.941176470588236,74.058823529411768,0,2.3741932864140836e-08,1.3971975970711447e-14,29,holm-bonferroni,2.9341149538494037e-13,0.05,>
cec2017,10,100000,all,3,basic,NEA2PLUS-PY,MSC-CMA,51,51,2601,0,77,26,0,0,6.2530376797473677e-19,29,holm-bonferroni,1.8133809271267367e-17,0.05,<
cec2017,10,100000,all,4,basic,NEA2PLUS-PY,MSC-CMA,51,51,2277,0.12456747404844293,70.64705882352942,32.352941176470587,0,0,4.5430410781003761e-11,29,holm-bonferroni,6.8145616171505643e-10,0.05,<
cec2017,10,100000,all,5,basic,NEA2PLUS-PY,MSC-CMA,51,51,2556,0.01730103806228378,76.117647058823536,26.882352941176471,4.9747952861860654,1.9899181141865938,3.7239140050757699e-17,29,holm-bonferroni,9.6821764131970021e-16,0.05,<
cec2017,10,100000,all,6,basic,NEA2PLUS-PY,MSC-CMA,51,51,223,0.91426374471357175,30.372549019607842,72.627450980392155,0.00010284844699981477,0.0054526571231008347,5.6760538273943613e-13,29,holm-bonferroni,1.0784502272049286e-11,0.05,>
cec2017,10,100000,all,7,basic,NEA2PLUS-PY,MSC-CMA,51,51,1470,0.43483275663206455,54.82352941176471,48.17647058823529,9.9785657442644151,11.255435098558905,0.25802666500063254,29,holm-bonferroni,1,0.05,=
cec2017,10,100000,all,8,basic,NEA2PLUS-PY,MSC-CMA,51,51,2592,0.0034602076124568004,76.823529411764696,26.176470588235293,3.9798362302707346,0.99495905709329691,3.8822293034929846e-18,29,holm-bonferroni,1.0482019119431058e-16,0.05,<
cec2017,10,100000,all,9,basic,NEA2PLUS-PY,MSC-CMA,51,51,1683,0.3529411764705882,59,44,0,0,0.0099757915585783671,29,holm-bonferroni,0.059854749351470199,0.05,=
cec2017,10,100000,all,10,basic,NEA2PLUS-PY,MSC-CMA,51,51,2335,0.10226835832372161,71.784313725490193,31.215686274509803,236.61385264227602,18.534537672567239,4.505061803290598e-12,29,holm-bonferroni,8.1091112459230769e-11,0.05,<
cec2017,10,100000,all,11,hybrid,NEA2PLUS-PY,MSC-CMA,51,51,2601,0,77,26,4.9747902504379908,0,2.9887164630571024e-18,29,holm-bonferroni,8.3684060965598863e-17,0.05,<
cec2017,10,100000,all,12,hybrid,NEA2PLUS-PY,MSC-CMA,51,51,1857,0.28604382929642447,62.411764705882355,40.588235294117645,168.41132269731656,129.6114397674753,0.00019832129594618024,29,holm-bonferroni,0.0017848916635156223,0.05,<
cec2017,10,100000,all,13,hybrid,NEA2PLUS-PY,MSC-CMA,51,51,1861,0.28450595924644373,62.490196078431374,40.509803921568626,9.0835685599761291,6.525558370929275,0.00017830986678125607,29,holm-bonferroni,0.0017830986678125608,0.05,<
cec2017,10,100000,all,14,hybrid,NEA2PLUS-PY,MSC-CMA,51,51,2534,0.025759323337178008,75.686274509803923,27.313725490196077,23.785176215100137,0.99572440905853909,1.5562448484555061e-16,29,holm-bonferroni,3.8906121211387648e-15,0.05,<
cec2017,10,100000,all,15,hybrid,NEA2PLUS-PY,MSC-CMA,51,51,2237,0.13994617454825065,69.862745098039213,33.137254901960787,4.9896195463761615,1.6389835030211088,3.7432591712677083e-10,29,holm-bonferroni,4.8662369226480205e-09,0.05,<
cec2017,10,100000,all,16,hybrid,NEA2PLUS-PY,MSC-CMA,51,51,1440,0.44636678200692037,54.235294117647058,48.764705882352942,1.9130540042119719,1.85164876491217,0.35222285866216063,29,holm-bonferroni,1,0.05,=
cec2017,10,100000,all,17,hybrid,NEA2PLUS-PY,MSC-CMA,51,51,2280,0.12341407151095729,70.705882352941174,32.294117647058826,29.057146789527224,21.36945826367446,5.6710545928244766e-11,29,holm-bonferroni,7.9394764299542672e-10,0.05,<
cec2017,10,100000,all,18,hybrid,NEA2PLUS-PY,MSC-CMA,51,51,1308,0.49711649365628607,51.647058823529413,51.352941176470587,20.99916653391665,20.590704395655848,0.96263361427289285,29,holm-bonferroni,1,0.05,=
cec2017,10,100000,all,19,hybrid,NEA2PLUS-PY,MSC-CMA,51,51,1846,0.29027297193387158,62.196078431372548,40.803921568627452,3.5098840192708849,2.4489783865108166,0.00026477803957035488,29,holm-bonferroni,0.002118224316562839,0.05,<
cec2017,10,100000,all,20,hybrid,NEA2PLUS-PY,MSC-CMA,51,51,2520,0.03114186851211076,75.411764705882348,27.588235294117649,25.493959347547616,17.22869822255393,3.3946282067533207e-16,29,holm-bonferroni,8.1471076962079697e-15,0.05,<
cec2017,10,100000,all,21,composition,NEA2PLUS-PY,MSC-CMA,51,51,2140,0.17723952326028447,67.960784313725497,35.03921568627451,100.00000002719617,100.0000000000191,1.9612182661488804e-08,29,holm-bonferroni,2.1573400927637684e-07,0.05,<
cec2017,10,100000,all,22,composition,NEA2PLUS-PY,MSC-CMA,51,51,2294,0.11803152633602465,70.980392156862735,32.019607843137251,26.286745133961176,11.396522268506942,3.0026485457769666e-11,29,holm-bonferroni,4.8042376732431466e-10,0.05,<
cec2017,10,100000,all,23,composition,NEA2PLUS-PY,MSC-CMA,51,51,1825,0.29834678969627071,61.784313725490193,41.215686274509807,306.26742073077503,305.3196661022962,0.00045320862912503286,29,holm-bonferroni,0.0031724604038752299,0.05,<
cec2017,10,100000,all,24,composition,NEA2PLUS-PY,MSC-CMA,51,51,2490,0.042675893886966576,74.823529411764696,28.176470588235293,100.00000002381466,100.00000000001637,1.7520788866825049e-15,29,holm-bonferroni,3.8545735507015105e-14,0.05,<
cec2017,10,100000,all,25,composition,NEA2PLUS-PY,MSC-CMA,51,51,2208,0.15109573241061125,69.294117647058826,33.705882352941174,397.74286947048677,100.00738903956926,1.276830072029707e-09,29,holm-bonferroni,1.5321960864356482e-08,0.05,<
cec2017,10,100000,all,26,composition,NEA2PLUS-PY,MSC-CMA,51,51,2335,0.10226835832372161,71.784313725490193,31.215686274509803,200.00000006151822,200.00000000014143,4.5081740780261846e-12,29,holm-bonferroni,8.1091112459230769e-11,0.05,<
cec2017,10,100000,all,27,composition,NEA2PLUS-PY,MSC-CMA,51,51,1414,0.45636293733179545,53.725490196078432,49.274509803921568,389.51799024352022,389.70567982845569,0.44936454095579426,29,holm-bonferroni,1,0.05,=
cec2017,10,100000,all,28,composition,NEA2PLUS-PY,MSC-CMA,51,51,2505,0.036908881199538612,75.117647058823536,27.882352941176471,300.00000001970693,300.00000000000682,7.7525917430975662e-16,29,holm-bonferroni,1.7830961009124403e-14,0.05,<
cec2017,10,100000,all,29,composition,NEA2PLUS-PY,MSC-CMA,51,51,2398,0.07804690503652445,73.019607843137265,29.980392156862745,252.70990291318958,232.24487492695289,2.1058279007186481e-13,29,holm-bonferroni,4.211655801437296e-12,0.05,<
cec2017,10,100000,all,30,composition,NEA2PLUS-PY,MSC-CMA,51,51,1225,0.52902729719338715,50.019607843137251,52.980392156862749,406.62463717391574,413.34032146369509,0.61570054678726061,29,holm-bonferroni,1,0.05,=
cec2017,10,100000,composition,21,composition,NEA2PLUS-PY,MSC-CMA,51,51,2140,0.17723952326028447,67.960784313725497,35.03921568627451,100.00000002719617,100.0000000000191,1.9612182661488804e-08,10,holm-bonferroni,7.8448730645955217e-08,0.05,<
cec2017,10,100000,composition,22,composition,NEA2PLUS-PY,MSC-CMA,51,51,2294,0.11803152633602465,70.980392156862735,32.019607843137251,26.286745133961176,11.396522268506942,3.0026485457769666e-11,10,holm-bonferroni,1.80158912746618e-10,0.05,<
cec2017,10,100000,composition,23,composition,NEA2PLUS-PY,MSC-CMA,51,51,1825,0.29834678969627071,61.784313725490193,41.215686274509807,306.26742073077503,305.3196661022962,0.00045320862912503286,10,holm-bonferroni,0.0013596258873750985,0.05,<
cec2017,10,100000,composition,24,composition,NEA2PLUS-PY,MSC-CMA,51,51,2490,0.042675893886966576,74.823529411764696,28.176470588235293,100.00000002381466,100.00000000001637,1.7520788866825049e-15,10,holm-bonferroni,1.5768709980142545e-14,0.05,<
cec2017,10,100000,composition,25,composition,NEA2PLUS-PY,MSC-CMA,51,51,2208,0.15109573241061125,69.294117647058826,33.705882352941174,397.74286947048677,100.00738903956926,1.276830072029707e-09,10,holm-bonferroni,6.3841503601485352e-09,0.05,<
cec2017,10,100000,composition,26,composition,NEA2PLUS-PY,MSC-CMA,51,51,2335,0.10226835832372161,71.784313725490193,31.215686274509803,200.00000006151822,200.00000000014143,4.5081740780261846e-12,10,holm-bonferroni,3.1557218546183289e-11,0.05,<
cec2017,10,100000,composition,27,composition,NEA2PLUS-PY,MSC-CMA,51,51,1414,0.45636293733179545,53.725490196078432,49.274509803921568,389.51799024352022,389.70567982845569,0.44936454095579426,10,holm-bonferroni,0.89872908191158851,0.05,=
cec2017,10,100000,composition,28,composition,NEA2PLUS-PY,MSC-CMA,51,51,2505,0.036908881199538612,75.117647058823536,27.882352941176471,300.00000001970693,300.00000000000682,7.7525917430975662e-16,10,holm-bonferroni,7.7525917430975654e-15,0.05,<
cec2017,10,100000,composition,29,composition,NEA2PLUS-PY,MSC-CMA,51,51,2398,0.07804690503652445,73.019607843137265,29.980392156862745,252.70990291318958,232.24487492695289,2.1058279007186481e-13,10,holm-bonferroni,1.6846623205749185e-12,0.05,<
cec2017,10,100000,composition,30,composition,NEA2PLUS-PY,MSC-CMA,51,51,1225,0.52902729719338715,50.019607843137251,52.980392156862749,406.62463717391574,413.34032146369509,0.61570054678726061,10,holm-bonferroni,0.89872908191158851,0.05,=
cec2020,5,50000,all,1,basic,NEA2PLUS-PY,MSC-CMA,51,51,1527,0.41291810841983856,55.941176470588232,47.058823529411768,0,0,0.13007821500459915,10,holm-bonferroni,0.52031286001839661,0.05,=
cec2020,5,50000,all,2,basic,NEA2PLUS-PY,MSC-CMA,51,51,1498,0.42406766628219916,55.372549019607845,47.627450980392155,6.9542792051015567,0.49959593893299825,0.18716521880278003,10,holm-bonferroni,0.56149565640834009,0.05,=
cec2020,5,50000,all,3,basic,NEA2PLUS-PY,MSC-CMA,51,51,1410,0.45790080738177619,53.647058823529413,49.352941176470587,2.98487717250066,3.2741881753769349,0.46557416127811768,10,holm-bonferroni,0.79813980693304942,0.05,=
cec2020,5,50000,all,4,basic,NEA2PLUS-PY,MSC-CMA,51,51,192.5,0.92599000384467511,29.774509803921568,73.225490196078425,0.14415471926281498,0.360140728029819,1.2416764129035916e-13,10,holm-bonferroni,9.9334113032287324e-13,0.05,>
cec2020,5,50000,all,5,hybrid,NEA2PLUS-PY,MSC-CMA,51,51,2462,0.053440984236831968,74.274509803921575,28.725490196078432,2.6140174348604432,0.045452451643313907,6.6732253113716814e-15,10,holm-bonferroni,6.0059027802345129e-14,0.05,<
cec2020,5,50000,all,6,hybrid,NEA2PLUS-PY,MSC-CMA,51,51,871,0.66512879661668589,43.078431372549019,59.921568627450981,0.39609834130101262,0.49651018377676337,0.0040894315099885758,10,holm-bonferroni,0.02044715754994288,0.05,>
cec2020,5,50000,all,7,hybrid,NEA2PLUS-PY,MSC-CMA,51,51,1174,0.54863514033064198,49.019607843137251,53.980392156862749,1.3333788047020789e-06,7.8749729254923295e-05,0.39906990346652471,10,holm-bonferroni,0.79813980693304942,0.05,=
cec2020,5,50000,all,8,composition,NEA2PLUS-PY,MSC-CMA,51,51,2403,0.076124567474048388,73.117647058823536,29.882352941176471,6.6059859647452868,0,1.6074472013674752e-13,10,holm-bonferroni,1.1252130409572326e-12,0.05,<
cec2020,5,50000,all,9,composition,NEA2PLUS-PY,MSC-CMA,51,51,2601,0,77,26,3.3166998036904261e-08,0,3.3022494762767633e-18,10,holm-bonferroni,3.3022494762767634e-17,0.05,<
cec2020,5,50000,all,10,composition,NEA2PLUS-PY,MSC-CMA,51,51,2152,0.17262591311034214,68.196078431372541,34.803921568627452,100.00309190610733,0,1.2301524996191355e-08,10,holm-bonferroni,7.3809149977148134e-08,0.05,<
cec2020,5,50000,composition,8,composition,NEA2PLUS-PY,MSC-CMA,51,51,2403,0.076124567474048388,73.117647058823536,29.882352941176471,6.6059859647452868,0,1.6074472013674752e-13,3,holm-bonferroni,3.2148944027349505e-13,0.05,<
cec2020,5,50000,composition,9,composition,NEA2PLUS-PY,MSC-CMA,51,51,2601,0,77,26,3.3166998036904261e-08,0,3.3022494762767633e-18,3,holm-bonferroni,9.9067484288302896e-18,0.05,<
cec2020,5,50000,composition,10,composition,NEA2PLUS-PY,MSC-CMA,51,51,2152,0.17262591311034214,68.196078431372541,34.803921568627452,100.00309190610733,0,1.2301524996191355e-08,3,holm-bonferroni,1.2301524996191355e-08,0.05,<
cec2020,10,1000000,all,1,basic,NEA2PLUS-PY,MSC-CMA,51,51,2601,0,77,26,0,0,6.8831868019631798e-19,10,holm-bonferroni,6.8831868019631796e-18,0.05,<
cec2020,10,1000000,all,2,basic,NEA2PLUS-PY,MSC-CMA,51,51,2581,0.0076893502499039146,76.607843137254903,26.392156862745097,22.579553320371815,0.43718108727171057,1.0483558344161306e-17,10,holm-bonferroni,7.3384908409129135e-17,0.05,<
cec2020,10,1000000,all,3,basic,NEA2PLUS-PY,MSC-CMA,51,51,1059,0.5928489042675894,46.764705882352942,56.235294117647058,4.5973433898390113,5.4336416952810396,0.10675601649972216,10,holm-bonferroni,0.28287746750407283,0.05,=
cec2020,10,1000000,all,4,basic,NEA2PLUS-PY,MSC-CMA,51,51,39,0.98500576701268738,26.764705882352942,76.235294117647058,0.3480486864912109,1.0474023547030811,3.1868721429319784e-17,10,holm-bonferroni,1.9121232857591869e-16,0.05,>
cec2020,10,1000000,all,5,hybrid,NEA2PLUS-PY,MSC-CMA,51,51,2601,0,77,26,19.112304524818001,0.20814298464574676,1.4636103827484819e-18,10,holm-bonferroni,1.3172493444736336e-17,0.05,<
cec2020,10,1000000,all,6,hybrid,NEA2PLUS-PY,MSC-CMA,51,51,1820,0.30026912725874666,61.686274509803923,41.313725490196077,1.2090184746505201,0.99765065899464389,0.00051368843872189474,10,holm-bonferroni,0.002054753754887579,0.05,<
cec2020,10,1000000,all,7,hybrid,NEA2PLUS-PY,MSC-CMA,51,51,1050,0.59630911188004609,46.588235294117652,56.411764705882348,0.71909992888595298,0.82527351238604751,0.094292489168024268,10,holm-bonferroni,0.28287746750407283,0.05,=
cec2020,10,1000000,all,8,composition,NEA2PLUS-PY,MSC-CMA,51,51,2601,0,77,26,11.396522269664274,0,3.2666395319855664e-18,10,holm-bonferroni,2.6133116255884531e-17,0.05,<
cec2020,10,1000000,all,9,composition,NEA2PLUS-PY,MSC-CMA,51,51,2451,0.057670126874279082,74.058823529411768,28.941176470588236,100.00000001389844,0,1.3964842804033132e-14,10,holm-bonferroni,6.9824214020165656e-14,0.05,<
cec2020,10,1000000,all,10,composition,NEA2PLUS-PY,MSC-CMA,51,51,1480,0.43098808150711265,55.019607843137251,47.980392156862749,100.00432330660806,100.00374698602991,0.23091911376669771,10,holm-bonferroni,0.28287746750407283,0.05,=
cec2020,10,1000000,composition,8,composition,NEA2PLUS-PY,MSC-CMA,51,51,2601,0,77,26,11.396522269664274,0,3.2666395319855664e-18,3,holm-bonferroni,9.7999185959566992e-18,0.05,<
cec2020,10,1000000,composition,9,composition,NEA2PLUS-PY,MSC-CMA,51,51,2451,0.057670126874279082,74.058823529411768,28.941176470588236,100.00000001389844,0,1.3964842804033132e-14,3,holm-bonferroni,2.7929685608066264e-14,0.05,<
cec2020,10,1000000,composition,10,composition,NEA2PLUS-PY,MSC-CMA,51,51,1480,0.43098808150711265,55.019607843137251,47.980392156862749,100.00432330660806,100.00374698602991,0.23091911376669771,3,holm-bonferroni,0.23091911376669771,0.05,=
cec2020,15,3000000,all,1,basic,NEA2PLUS-PY,MSC-CMA,51,51,2601,0,77,26,0,0,5.1777011776960296e-20,10,holm-bonferroni,5.1777011776960293e-19,0.05,<
cec2020,15,3000000,all,2,basic,NEA2PLUS-PY,MSC-CMA,51,51,2571,0.011534025374855816,76.411764705882348,26.588235294117649,152.18813209651307,9.1484397720014385,1.8958632896178467e-17,10,holm-bonferroni,1.1375179737707082e-16,0.05,<
cec2020,15,3000000,all,3,basic,NEA2PLUS-PY,MSC-CMA,51,51,2601,0,77,26,8.7773667664740742,1.1311648438606881,3.3036815016661564e-18,10,holm-bonferroni,2.7240446974244014e-17,0.05,<
cec2020,15,3000000,all,4,basic,NEA2PLUS-PY,MSC-CMA,51,51,1,0.99961553248750479,26.019607843137255,76.980392156862735,0.54503324797087771,1.4308192734158638,3.5043165051200882e-18,10,holm-bonferroni,2.7240446974244014e-17,0.05,>
cec2020,15,3000000,all,5,hybrid,NEA2PLUS-PY,MSC-CMA,51,51,2601,0,77,26,84.152183608900486,0.3122350916673895,3.0267163304715573e-18,10,holm-bonferroni,2.7240446974244014e-17,0.05,<
cec2020,15,3000000,all,6,hybrid,NEA2PLUS-PY,MSC-CMA,51,51,644,0.75240292195309499,38.627450980392155,64.372549019607845,1.6341815178254819,1.940018429987731,1.131340052288228e-05,10,holm-bonferroni,1.131340052288228e-05,0.05,>
cec2020,15,3000000,all,7,hybrid,NEA2PLUS-PY,MSC-CMA,51,51,2236,0.14033064206074586,69.843137254901961,33.156862745098039,12.204362951808889,1.0895270060118492,3.9074312779517321e-10,10,holm-bonferroni,7.8148625559034642e-10,0.05,<
cec2020,15,3000000,all,8,composition,NEA2PLUS-PY,MSC-CMA,51,51,2450,0.058054594386774294,74.039215686274503,28.96078431372549,24.246762464747007,0,1.4690131451356379e-14,10,holm-bonferroni,5.3036073698712286e-14,0.05,<
cec2020,15,3000000,all,9,composition,NEA2PLUS-PY,MSC-CMA,51,51,2553,0.018454440599769306,76.058823529411768,26.941176470588236,100.00000002310071,100.00000000004229,5.3182182848914186e-17,10,holm-bonferroni,2.6591091424457092e-16,0.05,<
cec2020,15,3000000,all,10,composition,NEA2PLUS-PY,MSC-CMA,51,51,2452,0.05728565936178398,74.078431372549019,28.921568627450981,400.00000001520175,100.00731846890176,1.3259018424678072e-14,10,holm-bonferroni,5.3036073698712286e-14,0.05,<
cec2020,15,3000000,composition,8,composition,NEA2PLUS-PY,MSC-CMA,51,51,2450,0.058054594386774294,74.039215686274503,28.96078431372549,24.246762464747007,0,1.4690131451356379e-14,3,holm-bonferroni,2.6518036849356143e-14,0.05,<
cec2020,15,3000000,composition,9,composition,NEA2PLUS-PY,MSC-CMA,51,51,2553,0.018454440599769306,76.058823529411768,26.941176470588236,100.00000002310071,100.00000000004229,5.3182182848914186e-17,3,holm-bonferroni,1.5954654854674257e-16,0.05,<
cec2020,15,3000000,composition,10,composition,NEA2PLUS-PY,MSC-CMA,51,51,2452,0.05728565936178398,74.078431372549019,28.921568627450981,400.00000001520175,100.00731846890176,1.3259018424678072e-14,3,holm-bonferroni,2.6518036849356143e-14,0.05,<
cec2022,10,200000,all,1,basic,NEA2PLUS-PY,MSC-CMA,51,51,2601,0,77,26,0,0,6.2530376797473677e-19,12,holm-bonferroni,7.5036452156968417e-18,0.05,<
cec2022,10,200000,all,2,basic,NEA2PLUS-PY,MSC-CMA,51,51,2550,0.019607843137254943,76,27,0,0,1.5322369200991173e-17,12,holm-bonferroni,1.2257895360792938e-16,0.05,<
cec2022,10,200000,all,3,basic,NEA2PLUS-PY,MSC-CMA,51,51,77,0.97039600153787009,27.509803921568626,75.490196078431381,4.7317310077232833e-05,0.0037168849278259586,2.7189450995250805e-16,12,holm-bonferroni,1.9032615696675565e-15,0.05,>
cec2022,10,200000,all,4,basic,NEA2PLUS-PY,MSC-CMA,51,51,2589,0.0046136101499423265,76.764705882352942,26.235294117647058,3.9798362287804139,0,3.5054627115843101e-18,12,holm-bonferroni,3.6316870527380867e-17,0.05,<
cec2022,10,200000,all,5,basic,NEA2PLUS-PY,MSC-CMA,51,51,1938,0.25490196078431371,64,39,0,0,1.6835892258650236e-05,12,holm-bonferroni,5.0507676775950707e-05,0.05,<
cec2022,10,200000,all,6,hybrid,NEA2PLUS-PY,MSC-CMA,51,51,2428,0.066512879661668634,73.607843137254903,29.392156862745097,2.1253119908756162,0.47236996505171192,4.6040582061182986e-14,12,holm-bonferroni,2.7624349236709794e-13,0.05,<
cec2022,10,200000,all,7,hybrid,NEA2PLUS-PY,MSC-CMA,51,51,2393,0.079969242599000401,72.921568627450981,30.078431372549019,20.000000412001327,0.62410011040788049,2.7026877873836919e-13,12,holm-bonferroni,1.3513438936918459e-12,0.05,<
cec2022,10,200000,all,8,hybrid,NEA2PLUS-PY,MSC-CMA,51,51,1960,0.24644367550941948,64.431372549019613,38.568627450980394,20.108937822520147,0.94611383560913964,1.0313499830030471e-05,12,holm-bonferroni,4.1253999320121885e-05,0.05,<
cec2022,10,200000,all,9,composition,NEA2PLUS-PY,MSC-CMA,51,51,2550,0.019607843137254943,76,27,229.28438270867264,229.2843827084871,7.7639033396504468e-18,12,holm-bonferroni,6.9875130056854022e-17,0.05,<
cec2022,10,200000,all,10,composition,NEA2PLUS-PY,MSC-CMA,51,51,1691,0.34986543637062673,59.156862745098039,43.843137254901961,100.35338921006496,30.176699535088574,0.0090500978158160657,12,holm-bonferroni,0.018100195631632131,0.05,<
cec2022,10,200000,all,11,composition,NEA2PLUS-PY,MSC-CMA,51,51,2601,0,77,26,2.250408215331845e-08,0,3.3015336843073518e-18,12,holm-bonferroni,3.6316870527380867e-17,0.05,<
cec2022,10,200000,all,12,composition,NEA2PLUS-PY,MSC-CMA,51,51,1608,0.3817762399077278,57.529411764705884,45.470588235294116,163.47770546954689,163.1891255617611,0.038833999636888356,12,holm-bonferroni,0.038833999636888356,0.05,<
cec2022,10,200000,composition,9,composition,NEA2PLUS-PY,MSC-CMA,51,51,2550,0.019607843137254943,76,27,229.28438270867264,229.2843827084871,7.7639033396504468e-18,4,holm-bonferroni,2.3291710018951341e-17,0.05,<
cec2022,10,200000,composition,10,composition,NEA2PLUS-PY,MSC-CMA,51,51,1691,0.34986543637062673,59.156862745098039,43.843137254901961,100.35338921006496,30.176699535088574,0.0090500978158160657,4,holm-bonferroni,0.018100195631632131,0.05,<
cec2022,10,200000,composition,11,composition,NEA2PLUS-PY,MSC-CMA,51,51,2601,0,77,26,2.250408215331845e-08,0,3.3015336843073518e-18,4,holm-bonferroni,1.3206134737229407e-17,0.05,<
cec2022,10,200000,composition,12,composition,NEA2PLUS-PY,MSC-CMA,51,51,1608,0.3817762399077278,57.529411764705884,45.470588235294116,163.47770546954689,163.1891255617611,0.038833999636888356,4,holm-bonferroni,0.038833999636888356,0.05,<
cec2022,20,1000000,all,1,basic,NEA2PLUS-PY,MSC-CMA,51,51,2601,0,77,26,0,0,9.2623964161139194e-19,12,holm-bonferroni,1.0188636057725312e-17,0.05,<
cec2022,20,1000000,all,2,basic,NEA2PLUS-PY,MSC-CMA,51,51,2346,0.098039215686274495,72,31,0,0,1.4452296481936085e-12,12,holm-bonferroni,5.7809185927744339e-12,0.05,<
cec2022,20,1000000,all,3,basic,NEA2PLUS-PY,MSC-CMA,51,51,123,0.9527104959630911,28.411764705882351,74.588235294117652,0.00077036687014242489,0.027154057125699183,3.3448677754206051e-15,12,holm-bonferroni,1.6724338877103027e-14,0.05,>
cec2022,20,1000000,all,4,basic,NEA2PLUS-PY,MSC-CMA,51,51,2601,0,77,26,11.939508687493344,0.99495905709341059,2.839952161876697e-18,12,holm-bonferroni,2.8399521618766968e-17,0.05,<
cec2022,20,1000000,all,5,basic,NEA2PLUS-PY,MSC-CMA,51,51,1275,0.50980392156862742,51,52,0,0.089528250416492483,0.86665540405915564,12,holm-bonferroni,1,0.05,=
cec2022,20,1000000,all,6,hybrid,NEA2PLUS-PY,MSC-CMA,51,51,2574,0.01038062283737029,76.470588235294116,26.529411764705884,25.967038475070012,0.58081117629171786,1.5980639143160737e-17,12,holm-bonferroni,1.1186447400212516e-16,0.05,<
cec2022,20,1000000,all,7,hybrid,NEA2PLUS-PY,MSC-CMA,51,51,2552,0.018838908112264519,76.039215686274503,26.96078431372549,26.262750169829587,19.999414385977843,5.6371721071795437e-17,12,holm-bonferroni,3.3823032643077262e-16,0.05,<
cec2022,20,1000000,all,8,hybrid,NEA2PLUS-PY,MSC-CMA,51,51,1263,0.51441753171856974,50.764705882352942,52.235294117647058,20.753007651298503,20.781165777463684,0.80442056407041229,12,holm-bonferroni,1,0.05,=
cec2022,20,1000000,all,9,composition,NEA2PLUS-PY,MSC-CMA,51,51,2601,0,77,26,180.78127167831735,180.78127167774664,2.7869870666077664e-20,12,holm-bonferroni,3.3443844799293197e-19,0.05,<
cec2022,20,1000000,all,10,composition,NEA2PLUS-PY,MSC-CMA,51,51,2601,0,77,26,100.48760515217828,18.597728963794907,3.3036815016661564e-18,12,holm-bonferroni,2.973313351499541e-17,0.05,<
cec2022,20,1000000,all,11,composition,NEA2PLUS-PY,MSC-CMA,51,51,2601,0,77,26,1.2567988960654475e-07,0,3.3036815016661564e-18,12,holm-bonferroni,2.973313351499541e-17,0.05,<
cec2022,20,1000000,all,12,composition,NEA2PLUS-PY,MSC-CMA,51,51,1473,0.43367935409457903,54.882352941176471,48.117647058823529,235.43228484334213,235.65492041127527,0.24615525150877526,12,holm-bonferroni,0.73846575452632579,0.05,=
cec2022,20,1000000,composition,9,composition,NEA2PLUS-PY,MSC-CMA,51,51,2601,0,77,26,180.78127167831735,180.78127167774664,2.7869870666077664e-20,4,holm-bonferroni,1.1147948266431066e-19,0.05,<
cec2022,20,1000000,composition,10,composition,NEA2PLUS-PY,MSC-CMA,51,51,2601,0,77,26,100.48760515217828,18.597728963794907,3.3036815016661564e-18,4,holm-bonferroni,9.9110445049984689e-18,0.05,<
cec2022,20,1000000,composition,11,composition,NEA2PLUS-PY,MSC-CMA,51,51,2601,0,77,26,1.2567988960654475e-07,0,3.3036815016661564e-18,4,holm-bonferroni,9.9110445049984689e-18,0.05,<
cec2022,20,1000000,composition,12,composition,NEA2PLUS-PY,MSC-CMA,51,51,1473,0.43367935409457903,54.882352941176471,48.117647058823529,235.43228484334213,235.65492041127527,0.24615525150877526,4,holm-bonferroni,0.24615525150877526,0.05,=
